date,stock_id,stock_name,close,avg_amount_20d,big_amount,today_amount
2025-01-03,3694,海華,61.9,503051606.9,2000000,1315385312.0
2025-01-06,3491,昇達科,355.5,691383303.8,3000000,2321613433.0
2025-01-06,6215,和椿,103.0,1777217985.95,7000000,2510608006.0
2025-01-07,4974,亞泰,144.0,770109637.05,3000000,1002000811.0
2025-01-07,6446,藥華藥,677.0,711611766.4,3000000,3746700874.0
2025-01-07,6558,興能高,41.0,957686257.85,4000000,624263878.0
2025-01-08,3363,上詮,296.0,1169130520.2,4500000,6010432111.0
2025-01-08,3491,昇達科,394.5,889908767.65,3500000,3129181233.0
2025-01-09,4991,環宇-KY,130.5,2885400146.45,12000000,2292227183.0
2025-01-15,6683,雍智科技,511.0,617717402.9,2500000,1367909095.0
2025-01-17,3374,精材,232.5,988497360.0,4000000,5065848105.0
2025-01-17,3450,聯鈞,317.5,8583666268.15,34000000,12170487696.0
2025-01-17,4991,環宇-KY,139.5,3555903965.7,14000000,3305487301.0
2025-01-17,6187,萬潤,396.0,1234111272.65,5000000,1761184962.0
2025-01-17,6215,和椿,105.5,2723949003.2,11000000,2002522655.0
2025-01-17,6558,興能高,51.4,2062027758.8,8000000,4187513371.0
2025-01-17,8111,立碁,51.3,1130151603.15,4500000,904178840.0
2025-01-21,3665,貿聯-KY,617.0,2109642687.8,8500000,2725670915.0
2025-01-21,4931,新盛力,75.3,3077284674.55,12000000,4215128785.0
2025-01-21,6215,和椿,116.5,2986497305.7,12000000,4262707049.0
2025-01-21,6558,興能高,56.2,2437581502.8,10000000,3311056456.0
2025-01-22,4979,華星光,220.5,5077964261.8,20000000,7995266428.0
2025-02-03,3264,欣銓,68.9,954406110.4,4000000,2308828656.0
2025-02-03,3706,神達,73.0,2379425828.45,9500000,10064195568.0
2025-02-03,4979,華星光,242.5,5382921552.6,22000000,12203856351.0
2025-02-06,2472,立隆電,97.3,736803202.2,3000000,807269329.0
2025-02-06,3019,亞光,176.0,2646935960.7,11000000,5655553915.0
2025-02-06,3088,艾訊,141.0,510770302.15,2000000,828969145.0
2025-02-06,3376,新日興,237.0,757340969.05,3000000,4779956981.0
2025-02-06,4576,大銀微系統,160.0,1439606701.45,6000000,2468701747.0
2025-02-06,4583,台灣精銳,850.0,2039849247.65,8000000,1395965521.0
2025-02-06,4974,亞泰,116.5,749751123.1,3000000,443745911.0
2025-02-06,6191,精成科,69.7,1508822988.35,6000000,885087830.0
2025-02-06,6215,和椿,120.0,2991981766.05,12000000,2363095784.0
2025-02-06,6223,旺矽,820.0,2781376856.85,11000000,2885608354.0
2025-02-06,6438,迅得,232.0,676757493.9,2500000,773880327.0
2025-02-07,1815,富喬,31.4,803644634.9,3000000,2906662296.0
2025-02-07,3294,英濟,40.95,524947905.1,2000000,402188196.0
2025-02-07,3645,達邁,77.9,2796356385.5,11000000,2500886638.0
2025-02-10,1815,富喬,34.5,930313817.9,3500000,8484912618.0
2025-02-10,3029,零壹,150.5,1164696423.95,4500000,5549203416.0
2025-02-10,4979,華星光,250.5,7082694243.1,28000000,9539150428.0
2025-02-10,4991,環宇-KY,145.0,2938976945.1,12000000,3957448917.0
2025-02-11,2027,大成鋼,41.9,631253831.85,2500000,3406460058.0
2025-02-12,3450,聯鈞,338.5,9257889206.5,37000000,12138148960.0
2025-02-12,6442,光聖,602.0,1098081286.45,4500000,3009489230.0
2025-02-13,2543,皇昌,102.0,1360067983.15,5500000,5653883474.0
2025-02-14,2408,南亞科,30.65,563554625.25,2500000,833712950.0
2025-02-14,6415,矽力*-KY,389.0,766986652.85,3000000,2767664700.0
2025-02-14,8028,昇陽半導體,133.5,861164570.85,3500000,2475023239.0
2025-02-17,3376,新日興,283.0,2064799254.2,8500000,6922849767.0
2025-02-18,1536,和大,78.7,569753506.4,2500000,4858155099.0
2025-02-18,3379,彬台,57.8,686123438.45,2500000,243772812.0
2025-02-18,8234,新漢,87.8,547989800.5,2000000,1858903372.0
2025-02-19,3379,彬台,63.5,695857425.5,3000000,267376955.0
2025-02-19,4772,台特化,232.5,788429706.2,3000000,1170129720.0
2025-02-19,6206,飛捷,151.5,644832768.7,2500000,1686810280.0
2025-02-19,8028,昇陽半導體,159.5,1390904826.6,5500000,6764203197.0
2025-02-20,2408,南亞科,39.15,811728477.3,3000000,2879770249.0
2025-02-20,6206,飛捷,166.5,726540530.85,3000000,2195214003.0
2025-02-21,1519,華城,623.0,1571502275.6,6500000,10568770274.0
2025-02-21,3558,神準,251.0,506640972.25,2000000,1653863846.0
2025-02-24,3379,彬台,66.8,746963551.2,3000000,742189396.0
2025-02-24,4510,高鋒,54.5,600610681.7,2500000,2030715883.0
2025-02-24,4916,事欣科,51.4,607194854.0,2500000,3505003864.0
2025-02-24,5347,世界,99.8,587883508.95,2500000,2628787334.0
2025-02-25,2606,裕民,73.1,1049845555.95,4000000,5384912320.0
2025-02-25,2637,慧洋-KY,81.9,563997644.35,2500000,2719224353.0
2025-02-25,3379,彬台,73.4,689006192.25,3000000,3554862250.0
2025-02-25,4510,高鋒,59.9,696080436.0,3000000,3650967256.0
2025-02-25,4931,新盛力,72.8,1647830434.75,6500000,1802609591.0
2025-02-27,1815,富喬,35.25,2431244288.3,9500000,4336364931.0
2025-02-27,2383,台光電,633.0,2665973400.15,11000000,9019631212.0
2025-03-05,2468,華經,37.85,580058270.95,2500000,557413611.0
2025-03-05,3022,威強電,117.5,941057617.5,4000000,3694564748.0
2025-03-05,3379,彬台,75.3,828745574.5,3500000,1797694276.0
2025-03-05,6805,富世達,732.0,1023670615.1,4000000,1302694057.0
2025-03-06,5314,世紀*,897.0,664996898.9,2500000,1021605259.0
2025-03-07,5439,高技,152.0,1171700404.6,4500000,1039999968.0
2025-03-11,4931,新盛力,80.8,1268089951.3,5000000,4667724585.0
2025-03-12,3563,牧德,552.0,672165090.9,2500000,2410959513.0
2025-03-13,2328,,50.9,1072130757.0,4500000,5247214193.0
2025-03-13,2344,華邦電,21.0,2350509772.15,9500000,5453229862.0
2025-03-14,8234,新漢,95.7,800514990.45,3000000,421093241.0
2025-03-17,2637,慧洋-KY,85.0,2217112630.55,9000000,3452381671.0
2025-03-17,8096,擎亞,68.0,1169293575.8,4500000,1845796817.0
2025-03-18,8096,擎亞,74.8,1226269036.55,5000000,6993914940.0
2025-03-19,4303,信立,81.9,1570995087.45,6500000,2262313810.0
2025-03-19,4931,新盛力,96.8,3394293634.65,14000000,10343614378.0
2025-03-19,6558,興能高,61.4,1408112731.7,5500000,1373626729.0
2025-03-20,8111,立碁,64.6,586176037.7,2500000,4880778866.0
2025-03-21,2429,銘旺科,65.2,528253925.0,2000000,1403467850.0
2025-03-21,2468,華經,44.55,895365293.6,3500000,647469516.0
2025-03-21,3022,威強電,104.5,1787737698.25,7000000,1446114434.0
2025-03-21,3163,波若威,196.5,2429710021.2,9500000,5696176053.0
2025-03-21,3213,茂訊,135.5,946865055.9,4000000,887201771.0
2025-03-21,4303,信立,90.5,1669168188.8,6500000,1862569439.0
2025-03-24,2468,華經,49.0,893841627.5,3500000,1044059708.0
2025-03-24,3163,波若威,216.0,2507051184.7,10000000,17610823285.0
2025-03-25,2468,華經,53.9,889274372.15,3500000,1267079221.0
2025-03-25,4510,高鋒,54.1,1757433419.2,7000000,1363752569.0
2025-03-25,4979,華星光,202.0,3933110857.45,16000000,9552873248.0
2025-03-26,2468,華經,59.2,919296201.8,3500000,618548676.0
2025-03-26,4303,信立,92.4,1825249106.8,7500000,3613764169.0
2025-03-26,4991,環宇-KY,129.0,2086460273.2,8500000,3799062130.0
2025-03-31,4541,晟田,53.3,597537075.95,2500000,2509487073.0
2025-04-02,2634,漢翔,53.8,1263231392.2,5000000,3091048304.0
2025-04-02,4541,晟田,53.3,1114518013.35,4500000,2767712472.0
2025-04-02,8222,寶一,53.6,661942563.5,2500000,2891259335.0
2025-04-07,6877,鏵友益,94.3,726288971.7,3000000,270101212.0
2025-04-09,6148,驊宏資,49.15,893926484.75,3500000,1646018183.0
2025-04-11,1301,台塑,34.8,910862572.75,3500000,299112488.0
2025-04-11,1303,南亞,29.5,525155928.85,2000000,236545690.0
2025-04-11,1316,上曜,15.0,793794289.7,3000000,158733880.0
2025-04-11,1319,東陽,125.0,788496993.25,3000000,244764500.0
2025-04-11,1326,台化,25.1,519383741.0,2000000,351414119.0
2025-04-11,1477,聚陽,254.0,595365989.6,2500000,1388300582.0
2025-04-11,1513,中興電,117.0,790783568.3,3000000,166883301.0
2025-04-11,1519,華城,353.5,2163188151.75,8500000,524410389.0
2025-04-11,1569,濱川,59.9,1333702095.45,5500000,54586676.0
2025-04-11,1590,亞德客-KY,742.0,910097650.05,3500000,1436228352.0
2025-04-11,1605,華新,19.55,508864970.85,2000000,390903181.0
2025-04-11,1785,光洋科,51.4,504857551.65,2000000,547376542.0
2025-04-11,1815,富喬,24.65,1269433431.5,5000000,247437314.0
2025-04-11,2002,中鋼,20.9,839349418.4,3500000,311338769.0
2025-04-11,2009,第一銅,32.85,530304391.4,2000000,71854003.0
2025-04-11,2027,大成鋼,47.3,1775897111.95,7000000,669115211.0
2025-04-11,2049,上銀,196.5,1415182674.25,5500000,2114421084.0
2025-04-11,2301,光寶科,78.7,948062850.5,4000000,262760685.0
2025-04-11,2303,聯電,43.85,2432122058.75,9500000,2180766512.0
2025-04-11,2308,台達電,308.5,3532881174.95,14000000,1022045204.0
2025-04-11,2317,鴻海,123.5,11810188042.95,47000000,4393658536.0
2025-04-11,2324,仁寶,26.05,867457078.2,3500000,550734122.0
2025-04-11,2327,國巨*,425.0,1272331202.6,5000000,457955350.0
2025-04-11,2328,,37.7,2416242913.3,9500000,1521129136.0
2025-04-11,2330,,863.0,40281752475.75,50000000,17626050080.0
2025-04-11,2337,旺宏,18.75,693289950.55,3000000,67369357.0
2025-04-11,2344,華邦電,15.05,2268386118.7,9000000,522073499.0
2025-04-11,2345,智邦,478.5,2748674832.85,11000000,258303091.0
2025-04-11,2354,鴻準,52.5,654210502.8,2500000,92384785.0
2025-04-11,2356,英業達,37.25,746565609.1,3000000,175549238.0
2025-04-11,2357,華碩,485.0,3529002250.8,14000000,1396919795.0
2025-04-11,2359,所羅門,116.5,639131907.8,2500000,289021723.0
2025-04-11,2360,致茂,246.5,650118028.7,2500000,50765678.0
2025-04-11,2368,金像電,156.5,1148796456.0,4500000,360648750.0
2025-04-11,2371,大同,35.25,770779669.7,3000000,183151057.0
2025-04-11,2376,技嘉,199.0,882097236.4,3500000,296670195.0
2025-04-11,2377,微星,135.5,725272040.9,3000000,862669646.0
2025-04-11,2379,瑞昱,484.0,1263775751.4,5000000,268406072.0
2025-04-11,2382,廣達,196.0,5172913349.8,21000000,1260012852.0
2025-04-11,2383,台光電,447.5,2379748107.15,9500000,211797662.0
2025-04-11,2385,群光,140.0,808001448.85,3000000,289954420.0
2025-04-11,2395,研華,336.0,573714703.7,2500000,527301920.0
2025-04-11,2404,漢唐,459.5,1399069945.6,5500000,1610727148.0
2025-04-11,2408,南亞科,33.2,2852511053.8,11000000,260263895.0
2025-04-11,2409,友達,11.65,577131698.7,2500000,150883035.0
2025-04-11,2449,京元電子,78.9,1132922541.5,4500000,245435884.0
2025-04-11,2453,凌群,55.9,950705920.55,4000000,22390262.0
2025-04-11,2455,全新,92.7,549122906.6,2000000,524290470.0
2025-04-11,2474,可成,194.5,607005714.55,2500000,169426591.0
2025-04-11,2486,一詮,73.2,735089589.2,3000000,410152831.0
2025-04-11,2543,皇昌,76.4,1012015271.6,4000000,150809826.0
2025-04-11,2603,長榮,188.0,4960851705.0,20000000,1152029596.0
2025-04-11,2609,陽明,62.2,2260935002.05,9000000,689559640.0
2025-04-11,2615,萬海,67.2,1020765462.7,4000000,159498490.0
2025-04-11,2618,長榮航,36.85,1617791230.6,6500000,254295475.0
2025-04-11,2634,漢翔,46.5,1961688400.5,8000000,409280307.0
2025-04-11,2637,慧洋-KY,56.2,1089115440.7,4500000,660544774.0
2025-04-11,2881,富邦金,79.3,1690002872.95,7000000,790062800.0
2025-04-11,2882,國泰金,54.4,1418843030.7,5500000,1100592800.0
2025-04-11,2883,凱基金,15.5,1083188807.15,4500000,537398674.0
2025-04-11,2885,元大金,30.0,903939401.0,3500000,469113870.0
2025-04-11,2887,台新新光金,15.6,706587766.6,3000000,990334099.0
2025-04-11,2888,,10.95,759367447.7,3000000,2583478908.0
2025-04-11,2890,永豐金,21.0,777736347.35,3000000,739087948.0
2025-04-11,2891,中信金,37.4,2405547774.85,9500000,1589829249.0
2025-04-11,3013,晟銘電,89.1,607929422.3,2500000,454616803.0
2025-04-11,3017,奇鋐,374.5,3748352595.85,15000000,991183403.0
2025-04-11,3019,亞光,120.0,2544346943.95,10000000,175293720.0
2025-04-11,3022,威強電,74.0,613170152.2,2500000,51833522.0
2025-04-11,3029,零壹,112.0,799343040.05,3000000,72765392.0
2025-04-11,3034,聯詠,504.0,1586035212.7,6500000,667816632.0
2025-04-11,3035,智原,190.0,1529147348.8,6000000,185676550.0
2025-04-11,3037,欣興,77.4,1585770983.4,6500000,1225588592.0
2025-04-11,3078,僑威,68.9,909286445.3,3500000,99983934.0
2025-04-11,3081,聯亞,232.5,945316510.05,4000000,1200692087.0
2025-04-11,3131,弘塑,889.0,691970910.95,3000000,49613312.0
2025-04-11,3162,精確,42.35,707858611.8,3000000,36638114.0
2025-04-11,3163,波若威,135.0,5211343186.6,21000000,151845030.0
2025-04-11,3211,順達,140.5,2115222652.85,8500000,145827387.0
2025-04-11,3227,原相,190.5,705919225.9,3000000,194678582.0
2025-04-11,3231,緯創,82.1,1895769245.9,7500000,315597691.0
2025-04-11,3260,威剛,73.4,933795648.7,3500000,79969271.0
2025-04-11,3264,欣銓,61.3,589497853.85,2500000,40831098.0
2025-04-11,3293,鈊象,786.0,2159002717.65,8500000,482251872.0
2025-04-11,3312,弘憶股,39.1,586928685.65,2500000,54639936.0
2025-04-11,3323,加百裕,27.6,655359644.4,2500000,124431735.0
2025-04-11,3324,雙鴻,436.5,1482740170.95,6000000,466158804.0
2025-04-11,3443,創意,938.0,1541633537.8,6000000,452655350.0
2025-04-11,3450,聯鈞,188.0,3904232032.0,16000000,1043503391.0
2025-04-11,3481,群創,13.1,1435334259.25,5500000,570481206.0
2025-04-11,3491,昇達科,346.5,1590859425.75,6500000,267610801.0
2025-04-11,3563,牧德,396.5,976791784.45,4000000,166659229.0
2025-04-11,3605,宏致,43.1,582285953.5,2500000,181664370.0
2025-04-11,3653,健策,831.0,1116816217.15,4500000,1471838025.0
2025-04-11,3665,貿聯-KY,413.0,1589116842.45,6500000,498679328.0
2025-04-11,3706,神達,47.2,793918129.7,3000000,195942731.0
2025-04-11,3711,日月光投控,126.5,2152022156.15,8500000,521022306.0
2025-04-11,4303,信立,61.8,2288848940.4,9000000,115554663.0
2025-04-11,4510,高鋒,38.1,619947078.45,2500000,100494227.0
2025-04-11,4541,晟田,44.35,1668455761.15,6500000,220716853.0
2025-04-11,4583,台灣精銳,588.0,798380320.6,3000000,280089376.0
2025-04-11,4749,新應材,403.0,553672428.6,2000000,47414965.0
2025-04-11,4763,,735.0,2413541675.35,9500000,454911345.0
2025-04-11,4931,新盛力,68.3,4879426748.2,20000000,91311613.0
2025-04-11,4938,和碩,75.5,539583797.7,2000000,152171357.0
2025-04-11,4958,臻鼎-KY,94.3,702144643.15,3000000,133863351.0
2025-04-11,4971,IET-KY,98.0,522174551.2,2000000,9428384.0
2025-04-11,4977,眾達-KY,84.2,610250543.0,2500000,166102163.0
2025-04-11,4979,華星光,135.0,3999756175.15,16000000,793843144.0
2025-04-11,4991,環宇-KY,90.0,1953525283.15,8000000,735986274.0
2025-04-11,5309,系統電,31.9,544345975.25,2000000,43433242.0
2025-04-11,5347,世界,82.1,658642316.65,2500000,82985499.0
2025-04-11,5439,高技,152.5,2308939001.9,9000000,517274486.0
2025-04-11,5871,,103.5,817213766.05,3500000,802075469.0
2025-04-11,6117,迎廣,69.4,775019829.1,3000000,37601187.0
2025-04-11,6139,亞翔,193.5,760741909.0,3000000,103399787.0
2025-04-11,6148,驊宏資,54.8,1085411250.45,4500000,604496294.0
2025-04-11,6187,萬潤,221.0,524767175.45,2000000,73229897.0
2025-04-11,6191,精成科,53.5,598168301.1,2500000,96216315.0
2025-04-11,6206,飛捷,99.5,658281592.55,2500000,51064674.0
2025-04-11,6215,和椿,66.2,545282478.2,2000000,78348389.0
2025-04-11,6223,旺矽,543.0,1536170914.2,6000000,250579296.0
2025-04-11,6227,茂綸,82.7,781288548.15,3000000,145691466.0
2025-04-11,6239,力成,108.5,936432258.9,3500000,317419551.0
2025-04-11,6274,台燿,128.5,848238459.95,3500000,1226815578.0
2025-04-11,6285,啟碁,111.5,721327353.95,3000000,98090531.0
2025-04-11,6415,矽力*-KY,352.5,890773833.3,3500000,1527459569.0
2025-04-11,6438,迅得,151.0,506498550.45,2000000,973139595.0
2025-04-11,6442,光聖,325.5,907274212.05,3500000,547336006.0
2025-04-11,6446,藥華藥,490.0,883196185.5,3500000,404344570.0
2025-04-11,6472,,701.0,845111744.1,3500000,313801949.0
2025-04-11,6488,環球晶,289.5,793406597.55,3000000,196085251.0
2025-04-11,6515,穎崴,774.0,1399585354.6,5500000,662560430.0
2025-04-11,6558,興能高,42.5,986472114.2,4000000,26776775.0
2025-04-11,6753,龍德造船,98.2,670261761.4,2500000,36717553.0
2025-04-11,6757,台灣虎航,85.9,617472850.8,2500000,276344799.0
2025-04-11,6781,AES-KY,702.0,1830518432.0,7500000,381751812.0
2025-04-11,6805,富世達,469.0,1561752398.05,6000000,400757877.0
2025-04-11,6829,千附精密,118.5,822783846.5,3500000,66285798.0
2025-04-11,6877,鏵友益,75.7,668431964.0,2500000,26331100.0
2025-04-11,7402,邑錡,82.2,682286461.0,2500000,99163797.0
2025-04-11,8028,昇陽半導體,99.9,908523856.4,3500000,171787004.0
2025-04-11,8069,元太,218.0,914978435.05,3500000,666127994.0
2025-04-11,8096,擎亞,55.3,1947927940.6,8000000,136685358.0
2025-04-11,8222,寶一,52.8,1595526410.75,6500000,189914590.0
2025-04-11,8234,新漢,68.3,701816235.9,3000000,77203987.0
2025-04-11,8299,群聯,446.5,1894584421.35,7500000,463903620.0
2025-04-11,9958,世紀鋼,144.5,531222125.05,2000000,291665611.0
2025-04-14,2382,廣達,215.5,4845410458.3,19000000,13336955741.0
2025-04-14,2383,台光電,492.0,2258587212.3,9000000,4374696543.0
2025-04-14,2603,長榮,206.5,4720422049.85,19000000,13647487132.0
2025-04-14,2609,陽明,68.4,2191347321.7,9000000,4567733906.0
2025-04-14,2615,萬海,73.9,985053522.05,4000000,1295067076.0
2025-04-14,2618,長榮航,40.5,1506122982.2,6000000,3192813257.0
2025-04-14,3017,奇鋐,411.5,3529324622.25,14000000,6386557030.0
2025-04-14,3231,緯創,90.3,1822056167.4,7500000,5320285265.0
2025-04-14,3264,欣銓,67.4,555931534.85,2000000,800483151.0
2025-04-14,3665,貿聯-KY,454.0,1496097289.6,6000000,3032157278.0
2025-04-14,6415,矽力*-KY,387.5,898709772.45,3500000,1727035719.0
2025-04-15,2429,銘旺科,44.15,717705662.2,3000000,101709201.0
2025-04-15,2455,全新,97.0,567271340.45,2500000,1063311942.0
2025-04-15,2615,萬海,81.2,932229825.45,3500000,2252276584.0
2025-04-15,6415,矽力*-KY,426.0,937362883.05,3500000,2334122470.0
2025-04-15,8069,元太,237.0,897666273.05,3500000,1705523681.0
2025-04-16,1536,和大,57.7,671050107.55,2500000,452369420.0
2025-04-16,3081,聯亞,261.0,1093959407.8,4500000,1367418933.0
2025-04-16,3163,波若威,152.0,5297385023.05,21000000,3725174702.0
2025-04-16,3323,加百裕,28.65,609878728.1,2500000,111886162.0
2025-04-16,3450,聯鈞,206.5,3413744227.9,14000000,4175480252.0
2025-04-16,4931,新盛力,75.3,3324509054.4,13000000,705590394.0
2025-04-16,4977,眾達-KY,92.8,526999989.6,2000000,317935944.0
2025-04-16,4979,華星光,146.0,3712696742.2,15000000,2130311190.0
2025-04-16,4991,環宇-KY,100.5,1785340552.45,7000000,1237678458.0
2025-04-16,6148,驊宏資,59.4,1369147356.7,5500000,2517817578.0
2025-04-16,6227,茂綸,89.7,624483254.8,2500000,290981222.0
2025-04-16,6285,啟碁,130.0,773360396.25,3000000,684336933.0
2025-04-16,6438,迅得,157.5,596318677.2,2500000,744042327.0
2025-04-16,6442,光聖,353.0,816076399.05,3500000,866884845.0
2025-04-16,6515,穎崴,876.0,1361332432.3,5500000,948337649.0
2025-04-16,6558,興能高,48.3,782867279.5,3000000,698164884.0
2025-04-16,8096,擎亞,60.3,1883959273.9,7500000,1225194253.0
2025-04-16,8111,立碁,41.65,1376667638.2,5500000,352525499.0
2025-04-17,4541,晟田,51.3,1844520126.9,7500000,1526510138.0
2025-04-17,6148,驊宏資,65.3,1487463363.55,6000000,2194678808.0
2025-04-17,6829,千附精密,141.0,907952312.3,3500000,1047236210.0
2025-04-17,7402,邑錡,94.2,690563428.6,3000000,460502969.0
2025-04-17,8222,寶一,59.8,1823976122.15,7500000,1155010950.0
2025-04-18,6140,訊達,40.55,561677828.5,2000000,726588780.0
2025-04-18,6415,矽力*-KY,459.0,959180386.4,4000000,2466637790.0
2025-04-21,2408,南亞科,35.3,2310284067.4,9000000,3853706829.0
2025-04-21,6148,驊宏資,66.4,1921032373.7,7500000,5003374371.0
2025-04-22,2408,南亞科,38.8,2322949221.6,9500000,7784273442.0
2025-04-24,2468,華經,67.6,1649247804.55,6500000,865661943.0
2025-04-24,3147,大綜,234.0,786160065.9,3000000,2805098733.0
2025-04-24,3563,牧德,375.5,633508070.2,2500000,355470389.0
2025-04-24,5439,高技,130.5,1722458208.4,7000000,862233358.0
2025-04-24,6148,驊宏資,65.0,2281968685.25,9000000,561360370.0
2025-04-24,6223,旺矽,613.0,1527924393.45,6000000,952846221.0
2025-04-24,6438,迅得,147.0,704831285.65,3000000,380484598.0
2025-04-24,6515,穎崴,823.0,1091767415.65,4500000,952105291.0
2025-04-24,8028,昇陽半導體,117.5,744881309.2,3000000,1378025685.0
2025-04-25,2468,華經,74.3,1629176940.65,6500000,2387056191.0
2025-04-25,3147,大綜,257.0,904160103.8,3500000,1937674590.0
2025-04-28,2383,台光電,566.0,2390024211.95,9500000,4480864817.0
2025-04-28,3147,大綜,282.5,973434399.15,4000000,448632808.0
2025-04-28,6805,富世達,447.0,1010637044.0,4000000,1499296721.0
2025-04-29,2468,華經,80.0,1467095777.7,6000000,2111062941.0
2025-04-29,6148,驊宏資,73.1,2201218726.3,9000000,3608197588.0
2025-04-30,2049,上銀,222.5,1213911577.05,5000000,2210330785.0
2025-04-30,4583,台灣精銳,664.0,555725905.0,2000000,1099140125.0
2025-04-30,4931,新盛力,81.6,1306401227.75,5000000,3018280056.0
2025-04-30,6215,和椿,87.0,542655731.15,2000000,1375979267.0
2025-04-30,8072,陞泰,52.0,515507769.55,2000000,948848403.0
2025-04-30,8096,擎亞,57.3,1219094521.75,5000000,1249282290.0
2025-05-02,6215,和椿,95.7,597363117.5,2500000,2070364703.0
2025-05-05,1815,富喬,29.95,653021751.45,2500000,1610001622.0
2025-05-05,2360,致茂,321.5,529118013.5,2000000,1196334326.0
2025-05-05,2383,台光電,611.0,2566590127.2,10000000,5600479978.0
2025-05-05,3665,貿聯-KY,590.0,1588841681.35,6500000,2927273093.0
2025-05-05,4303,信立,82.6,1202535585.05,5000000,2129015978.0
2025-05-05,4931,新盛力,91.1,1611527708.0,6500000,5968387329.0
2025-05-05,6558,興能高,55.0,579494599.6,2500000,2861986405.0
2025-05-07,1560,中砂,270.5,524150185.8,2000000,1764378915.0
2025-05-07,4541,晟田,51.7,1419334530.35,5500000,1377796139.0
2025-05-07,5251,天鉞電,49.05,512372170.45,2000000,357422762.0
2025-05-07,6757,台灣虎航,103.5,519673935.0,2000000,4348206007.0
2025-05-07,8072,陞泰,48.1,700936918.25,3000000,502209183.0
2025-05-07,8222,寶一,66.8,2076623534.45,8500000,3713057053.0
2025-05-12,3081,聯亞,282.5,883065908.4,3500000,1961617982.0
2025-05-12,3450,聯鈞,204.5,4248028388.9,17000000,7369798043.0
2025-05-12,4979,華星光,166.0,3105474710.15,12000000,7295822809.0
2025-05-12,6227,茂綸,102.5,631763805.05,2500000,244619500.0
2025-05-12,6442,光聖,426.5,1221077995.55,5000000,4785696362.0
2025-05-12,6757,台灣虎航,108.0,892854812.15,3500000,2974886406.0
2025-05-13,3563,牧德,480.0,947735126.85,4000000,941472813.0
2025-05-13,5314,世紀*,64.9,641111434.45,2500000,866597779.0
2025-05-13,6215,和椿,106.5,1211389751.45,5000000,1862160285.0
2025-05-13,6227,茂綸,112.5,636710206.75,2500000,1481576680.0
2025-05-14,2408,南亞科,40.9,3315083647.55,13000000,5857822771.0
2025-05-14,8069,元太,233.0,1562958165.25,6500000,3958812693.0
2025-05-15,2408,南亞科,44.95,3496936103.2,14000000,11203078168.0
2025-05-15,2449,京元電子,100.5,862500542.85,3500000,3872271516.0
2025-05-15,2543,皇昌,86.9,629943355.3,2500000,1786594716.0
2025-05-15,3013,晟銘電,105.5,663177122.55,2500000,1891548309.0
2025-05-15,4991,環宇-KY,96.2,1260473875.4,5000000,2528191670.0
2025-05-16,2404,漢唐,509.0,865777293.95,3500000,2957426854.0
2025-05-16,6140,訊達,47.35,1374235481.3,5500000,788563960.0
2025-05-19,1503,士電,184.0,510602087.05,2000000,3238062687.0
2025-05-19,2615,萬海,111.0,2207864647.7,9000000,15802522850.0
2025-05-20,4949,有成精密,50.7,821787148.0,3500000,788633047.0
2025-05-21,4949,有成精密,55.7,845380174.25,3500000,4155563250.0
2025-05-21,5251,天鉞電,50.7,744629329.35,3000000,590278513.0
2025-05-21,6140,訊達,48.95,1412032940.55,5500000,1109593642.0
2025-05-21,8072,陞泰,48.15,853639405.2,3500000,358469922.0
2025-05-22,2368,金像電,244.0,1787617931.35,7000000,6017472911.0
2025-05-22,5439,高技,194.5,2110757658.15,8500000,3908182872.0
2025-05-23,2615,萬海,126.5,3910752287.7,16000000,13048866241.0
2025-05-23,6191,精成科,81.6,585020102.65,2500000,3630954443.0
2025-05-26,4949,有成精密,60.0,1213569264.3,5000000,1912837209.0
2025-05-27,3379,彬台,77.5,1051348395.3,4000000,719561960.0
2025-06-02,6890,,304.0,533814426.4,2000000,1072455586.0
2025-06-03,8222,寶一,56.5,1632358861.1,6500000,1474806101.0
2025-06-04,5251,天鉞電,52.1,883801635.25,3500000,1050681626.0
2025-06-04,8072,陞泰,50.4,862637035.95,3500000,1137865388.0
2025-06-05,3379,彬台,80.8,1309332709.05,5000000,799600592.0
2025-06-05,4763,,939.0,1568155453.9,6500000,5359422772.0
2025-06-05,9958,世紀鋼,199.0,752150396.45,3000000,2675683336.0
2025-06-09,3167,大量,110.0,527496178.8,2000000,1083851440.0
2025-06-10,3167,大量,121.0,566727993.8,2500000,5826800815.0
2025-06-10,6274,台燿,207.5,2163930702.7,8500000,7414226949.0
2025-06-11,3013,晟銘電,111.5,1050924910.95,4000000,2106442308.0
2025-06-11,3081,聯亞,288.0,1005672363.65,4000000,1610682954.0
2025-06-12,3081,聯亞,316.5,919936820.85,3500000,3193153581.0
2025-06-12,4949,有成精密,57.0,1329741852.05,5500000,856814599.0
2025-06-12,4979,華星光,184.5,2346887892.6,9500000,8710896596.0
2025-06-12,4991,環宇-KY,82.5,585967012.35,2500000,1158080945.0
2025-06-12,6290,良維,107.5,844151779.4,3500000,2587024843.0
2025-06-12,6805,富世達,763.0,1788634630.05,7000000,5838449848.0
2025-06-13,2468,華經,68.2,716739847.5,3000000,1782135234.0
2025-06-13,3324,雙鴻,694.0,1400980040.6,5500000,5086613377.0
2025-06-13,4931,新盛力,86.5,1156956730.65,4500000,1523845932.0
2025-06-13,6140,訊達,44.3,506142367.5,2000000,544682465.0
2025-06-13,6148,驊宏資,62.1,689752013.05,3000000,1388626093.0
2025-06-17,3450,聯鈞,216.5,2270677371.3,9000000,6223712507.0
2025-06-17,4991,環宇-KY,99.3,794254504.0,3000000,3879505686.0
2025-06-17,8210,勤誠,421.0,898074750.05,3500000,2614729830.0
2025-06-18,3147,大綜,209.5,584568341.35,2500000,1217107868.0
2025-06-18,4949,有成精密,60.0,1502231375.45,6000000,873736478.0
2025-06-18,5251,天鉞電,57.4,1065829886.7,4500000,2887368066.0
2025-06-19,2408,南亞科,59.1,5907987145.9,24000000,10551568386.0
2025-06-19,3013,晟銘電,135.0,1603539883.8,6500000,5818350299.0
2025-06-19,3376,新日興,200.5,1049332242.6,4000000,4462581121.0
2025-06-19,8210,勤誠,463.5,1112639975.05,4500000,4565054043.0
2025-06-20,3376,新日興,220.5,1209271628.6,5000000,9580891771.0
2025-06-23,5251,天鉞電,60.9,1154986974.75,4500000,2516210026.0
2025-06-23,6139,亞翔,294.0,1170342937.0,4500000,8740710204.0
2025-06-24,3037,欣興,110.0,2526868162.55,10000000,6535969551.0
2025-06-24,5443,均豪,89.8,695811651.2,3000000,2126457804.0
2025-06-24,6139,亞翔,323.0,1592246967.3,6500000,9557679191.0
2025-06-25,1560,中砂,316.0,932894459.5,3500000,3143469705.0
2025-06-25,2328,,43.7,539418788.35,2000000,2070763987.0
2025-06-25,2357,華碩,745.0,2724261133.15,11000000,8129846720.0
2025-06-25,3363,上詮,289.0,780191674.0,3000000,3218874981.0
2025-06-25,4991,環宇-KY,112.0,1616257992.95,6500000,2197650379.0
2025-06-25,8054,,111.0,767066362.0,3000000,1665018857.0
2025-06-25,8072,陞泰,53.0,711661386.55,3000000,706261725.0
2025-06-26,3211,順達,228.0,1171580881.6,4500000,8290251958.0
2025-06-26,4931,新盛力,93.9,1304566747.7,5000000,3732069572.0
2025-06-26,8054,,122.0,845374959.95,3500000,2812570845.0
2025-06-27,2360,致茂,430.0,765241708.35,3000000,3620615146.0
2025-06-27,3036,文曄,140.0,634976144.0,2500000,5460307036.0
2025-06-27,4931,新盛力,103.0,1373247971.85,5500000,1659947822.0
2025-06-30,3491,昇達科,370.5,664642149.25,2500000,2342710624.0
2025-06-30,6191,精成科,88.6,1991392166.2,8000000,5424839935.0
2025-07-02,3297,杭特,58.7,647650365.0,2500000,790999676.0
2025-07-02,4931,新盛力,105.5,1920914428.7,7500000,2432631084.0
2025-07-02,4991,環宇-KY,119.5,2377701862.3,9500000,2187009676.0
2025-07-03,3167,大量,138.0,2861525956.05,11000000,2063474524.0
2025-07-03,8932,,141.0,845457600.5,3500000,2021175914.0
2025-07-03,9904,,35.05,736218145.6,3000000,3202879391.0
2025-07-04,3297,杭特,66.1,821554925.3,3500000,3245604523.0
2025-07-07,4991,環宇-KY,143.0,3084168058.1,12000000,7830238757.0
2025-07-08,3128,昇銳,50.2,629416438.55,2500000,1581048672.0
2025-07-10,3081,聯亞,348.0,1236451647.7,5000000,1903321404.0
2025-07-10,4971,IET-KY,156.0,608916880.15,2500000,1785038147.0
2025-07-10,6640,均華,754.0,860521888.0,3500000,1684365469.0
2025-07-10,8046,南電,139.0,716068728.1,3000000,3601944109.0
2025-07-11,3167,大量,140.5,2740301022.2,11000000,4277471901.0
2025-07-11,4991,環宇-KY,156.5,4405629481.95,18000000,8625856805.0
2025-07-14,3535,晶彩科,60.9,594639331.35,2500000,771953473.0
2025-07-15,5314,世紀*,70.7,515791413.4,2000000,5420602637.0
2025-07-16,1815,富喬,41.6,1766475664.4,7000000,6317009920.0
2025-07-16,2455,全新,139.0,842806259.5,3500000,2790145742.0
2025-07-16,3037,欣興,132.0,3905686828.4,16000000,12329661568.0
2025-07-16,3189,景碩,99.2,720212629.15,3000000,5307064355.0
2025-07-16,8046,南電,157.5,1439584023.85,6000000,3855138568.0
2025-07-17,8046,南電,173.0,1620859368.25,6500000,14643393102.0
2025-07-18,5483,中美晶,109.5,557217011.1,2000000,2824838037.0
2025-07-18,6488,環球晶,354.5,683327494.2,2500000,2879712955.0
2025-07-18,8358,金居,81.7,1462333940.2,6000000,6352916885.0
2025-07-21,3376,新日興,235.5,3078942059.75,12000000,5159931060.0
2025-07-21,6442,光聖,492.5,978894913.15,4000000,2572399947.0
2025-07-22,3044,健鼎,272.5,999129062.25,4000000,3098590531.0
2025-07-22,5284,jpp-KY,228.0,527306185.9,2000000,1002886774.0
2025-07-22,6442,光聖,541.0,1017185248.85,4000000,6456230288.0
2025-07-22,6462,神盾,140.0,720617355.25,3000000,2170333578.0
2025-07-23,6191,精成科,104.5,3345947222.2,13000000,7270240014.0
2025-07-24,1303,南亞,31.65,587611198.25,2500000,1400856839.0
2025-07-24,2316,楠梓電,71.3,621316955.2,2500000,1942168044.0
2025-07-24,3032,偉訓,109.0,806407385.65,3000000,1552711226.0
2025-07-25,5439,高技,248.5,2302285486.4,9000000,3978951643.0
2025-07-28,2455,全新,146.5,911994831.1,3500000,4975552758.0
2025-07-29,1303,南亞,37.0,754312997.5,3000000,5635030477.0
2025-07-29,8021,尖點,57.7,1478791228.35,6000000,2578213361.0
2025-07-29,8358,金居,107.0,3658184765.65,15000000,5391505799.0
2025-07-30,8033,雷虎,86.7,950205325.45,4000000,4695701674.0
2025-07-31,1301,台塑,42.65,910384311.15,3500000,2676362648.0
2025-07-31,5371,中光電,79.0,521926550.8,2000000,3192365771.0
2025-07-31,8033,雷虎,95.3,1182449367.35,4500000,10896337893.0
2025-07-31,8234,新漢,104.0,737970461.75,3000000,2462570851.0
2025-08-01,1802,台玻,23.9,1188247036.65,5000000,4012028722.0
2025-08-01,1815,富喬,54.6,5810705753.2,23000000,11000083363.0
2025-08-01,3081,聯亞,410.0,1398174477.9,5500000,2877674731.0
2025-08-01,6531,愛普*,330.5,768607929.4,3000000,3156102593.0
2025-08-01,8021,尖點,63.2,1779689583.3,7000000,2894896326.0
2025-08-04,2360,致茂,473.5,1084026523.85,4500000,2357967020.0
2025-08-04,3167,大量,187.0,4738899764.55,19000000,7506489560.0
2025-08-04,4916,事欣科,60.5,634309358.25,2500000,2873963559.0
2025-08-04,8028,昇陽半導體,140.5,562356555.6,2000000,1961616071.0
2025-08-05,3019,亞光,151.0,788856909.1,3000000,7775965305.0
2025-08-05,8028,昇陽半導體,154.5,591533237.55,2500000,5718283417.0
2025-08-06,2301,光寶科,133.5,1539762220.1,6000000,7813446556.0
2025-08-06,2374,佳能,67.7,884617509.1,3500000,2562482448.0
2025-08-07,3715,定穎投控,92.4,2903206148.8,12000000,4745572921.0
2025-08-07,4931,新盛力,128.5,3217599083.05,13000000,5340368272.0
2025-08-07,4991,環宇-KY,168.5,2792209611.05,11000000,4330944428.0
2025-08-08,2404,漢唐,910.0,2034979015.55,8000000,2253774341.0
2025-08-08,4931,新盛力,141.0,3258848314.45,13000000,10226147306.0
2025-08-08,4971,IET-KY,171.5,1296820850.7,5000000,1761315830.0
2025-08-08,5536,聖暉*,543.0,544103101.05,2000000,723173924.0
2025-08-08,6196,帆宣,220.5,542179904.95,2000000,933552413.0
2025-08-08,6488,環球晶,375.0,1118843240.2,4500000,1477312875.0
2025-08-08,6667,信紘科,275.0,576919733.0,2500000,1472025370.0
2025-08-08,8021,尖點,78.1,2480379253.15,10000000,3920832309.0
2025-08-11,2368,金像電,409.0,3734070672.7,15000000,7400928057.0
2025-08-11,2374,佳能,74.1,1416786833.05,5500000,5592489372.0
2025-08-11,2449,京元電子,133.5,3039770741.6,12000000,13032622745.0
2025-08-11,6215,和椿,133.5,1858876255.5,7500000,4582307449.0
2025-08-11,8210,勤誠,583.0,929427787.65,3500000,3658642950.0
2025-08-11,8358,金居,125.0,6425993069.4,26000000,4958812609.0
2025-08-12,1815,富喬,61.4,8143063876.8,33000000,9132233593.0
2025-08-12,2354,鴻準,76.3,956133677.05,4000000,6828984560.0
2025-08-12,2630,亞航,51.7,520566803.2,2000000,918432544.0
2025-08-12,2645,長榮航太,166.0,953269284.9,4000000,3428817648.0
2025-08-12,3689,湧德,111.5,501617353.6,2000000,2024123059.0
2025-08-12,4958,臻鼎-KY,141.5,1362546327.75,5500000,4510854729.0
2025-08-12,6213,聯茂,99.0,1699053241.45,7000000,2828526202.0
2025-08-12,8996,,339.5,1230429970.3,5000000,4275109512.0
2025-08-13,1802,台玻,27.15,2299633295.2,9000000,7205188581.0
2025-08-13,1815,富喬,67.5,8478872752.65,34000000,19253342862.0
2025-08-13,2630,亞航,56.8,565516243.6,2500000,3194731038.0
2025-08-13,3163,波若威,182.0,833809082.55,3500000,2779292550.0
2025-08-14,1802,台玻,29.85,2612519417.35,10000000,7652298864.0
2025-08-14,3019,亞光,168.5,2303404579.25,9000000,14299334684.0
2025-08-14,3305,昇貿,84.3,715711059.15,3000000,841479472.0
2025-08-14,4931,新盛力,152.0,4014230767.9,16000000,5818086837.0
2025-08-14,5498,凱崴,24.55,515062348.05,2000000,2043638773.0
2025-08-14,6215,和椿,156.5,2543652896.25,10000000,3317077601.0
2025-08-14,8234,新漢,114.5,1613936596.5,6500000,3245244347.0
2025-08-15,2402,毅嘉,52.5,502498428.8,2000000,3120749213.0
2025-08-15,3163,波若威,201.0,1129633492.7,4500000,7615631812.0
2025-08-15,3305,昇貿,92.7,756368217.7,3000000,4147219911.0
2025-08-15,3363,上詮,333.0,1582119736.85,6500000,5076051818.0
2025-08-15,4979,華星光,211.0,2737387913.4,11000000,11556398777.0
2025-08-15,8358,金居,153.0,7658833773.95,31000000,4346805799.0
2025-08-18,1802,台玻,34.0,3367670339.85,13000000,7770317809.0
2025-08-18,3211,順達,284.5,2001324587.9,8000000,3278559233.0
2025-08-18,3706,神達,92.5,8304874139.2,33000000,18530226005.0
2025-08-18,4916,事欣科,62.7,1659666592.6,6500000,1805085962.0
2025-08-18,5536,聖暉*,686.0,552584814.4,2000000,1217487167.0
2025-08-18,6213,聯茂,117.5,2334499259.05,9500000,8381825530.0
2025-08-18,6442,光聖,797.0,2705619642.7,11000000,6576555734.0
2025-08-18,8358,金居,168.0,7558528219.65,30000000,10264951487.0
2025-08-19,1802,台玻,37.4,3732024887.5,15000000,7523226114.0
2025-08-19,2316,楠梓電,102.0,1609924455.5,6500000,2794120533.0
2025-08-19,3081,聯亞,497.0,1134722334.3,4500000,4435951110.0
2025-08-19,3305,昇貿,97.0,1184836757.05,4500000,2509002902.0
2025-08-19,3715,定穎投控,110.5,4459611811.9,18000000,3739739925.0
2025-08-19,4916,事欣科,68.9,1746945746.2,7000000,4402525912.0
2025-08-19,5371,中光電,100.5,2546134604.8,10000000,1677873321.0
2025-08-19,5439,高技,313.5,2509214142.3,10000000,3757059235.0
2025-08-19,5498,凱崴,27.8,717919203.9,3000000,986243019.0
2025-08-19,5536,聖暉*,754.0,578925846.0,2500000,1058179007.0
2025-08-19,6213,聯茂,129.0,2685486122.7,11000000,1630771319.0
2025-08-19,6274,台燿,348.5,4774387341.2,19000000,10037092439.0
2025-08-19,6919,康霈*,159.5,1853440794.3,7500000,4251372449.0
2025-08-19,8358,金居,184.5,7721341865.1,31000000,10629417236.0
2025-08-20,3305,昇貿,106.5,1291808767.65,5000000,5390438182.0
2025-08-20,6919,康霈*,175.0,2047094270.4,8000000,5851784442.0
2025-08-21,2316,楠梓電,113.0,1871973182.35,7500000,5435210561.0
2025-08-22,1326,台化,30.9,739324154.25,3000000,1669562175.0
2025-08-22,1504,東元,63.8,1425248780.65,5500000,3674410410.0
2025-08-22,2328,,53.2,1194316475.95,5000000,2957723988.0
2025-08-22,2498,宏達電,60.0,1259402833.3,5000000,5093654142.0
2025-08-22,3059,華晶科,51.0,679930122.05,2500000,2834696377.0
2025-08-22,3167,大量,226.5,4977097154.65,20000000,6158766761.0
2025-08-22,3211,順達,347.0,2446927544.85,10000000,1818733434.0
2025-08-22,4931,新盛力,169.0,4753571066.5,19000000,3926612181.0
2025-08-22,5498,凱崴,28.2,865838605.95,3500000,980414862.0
2025-08-25,3708,上緯投控,148.5,527273964.35,2000000,3272817055.0
2025-08-26,1504,東元,74.2,2165128825.85,8500000,9599425506.0
2025-08-26,2233,宇隆,264.5,565529548.25,2500000,1462378417.0
2025-08-26,2328,,59.4,1660589041.95,6500000,3434661907.0
2025-08-26,2359,所羅門,151.5,632332241.95,2500000,1019797930.0
2025-08-26,3032,偉訓,108.0,708335470.4,3000000,549455543.0
2025-08-26,3059,華晶科,52.2,914118008.1,3500000,2538119021.0
2025-08-26,3305,昇貿,102.5,1789517494.4,7000000,3361000185.0
2025-08-26,3376,新日興,239.0,1363529512.55,5500000,2753979597.0
2025-08-26,3450,聯鈞,207.0,1736450862.95,7000000,2407503076.0
2025-08-26,3535,晶彩科,74.3,535157829.0,2000000,3460711184.0
2025-08-26,4749,新應材,734.0,1177190523.0,4500000,4961900588.0
2025-08-26,5371,中光電,113.0,3911985108.15,16000000,6277930691.0
2025-08-26,6438,迅得,189.0,584815457.9,2500000,1080317083.0
2025-08-26,6442,光聖,852.0,2941898947.35,12000000,3926248939.0
2025-08-26,8033,雷虎,146.5,2212899567.25,9000000,3200633135.0
2025-08-26,8234,新漢,111.5,1711217859.6,7000000,522949656.0
2025-08-27,2359,所羅門,166.5,671399331.85,2500000,8682763131.0
2025-08-27,3563,牧德,535.0,585362586.3,2500000,1993840472.0
2025-08-27,8033,雷虎,161.0,2060007587.5,8000000,2009470273.0
2025-08-28,2316,楠梓電,106.0,2478324855.2,10000000,3154488978.0
2025-08-28,2395,研華,354.0,742681719.9,3000000,2511916749.0
2025-08-28,2498,宏達電,64.7,2418425699.2,9500000,6465118011.0
2025-08-28,2634,漢翔,54.6,1224180153.15,5000000,3897103159.0
2025-08-28,3163,波若威,237.0,3248311171.85,13000000,6776637925.0
2025-08-28,3305,昇貿,121.5,2205449189.3,9000000,1202184559.0
2025-08-28,3491,昇達科,394.0,571688699.6,2500000,2714323192.0
2025-08-28,5234,達興材料,375.0,800138478.95,3000000,1049440722.0
2025-08-28,5498,凱崴,25.7,945410902.8,4000000,443920983.0
2025-08-28,5536,聖暉*,826.0,1054435883.0,4000000,1854492683.0
2025-08-28,6191,精成科,119.5,2363337308.9,9500000,4256457649.0
2025-08-28,6274,台燿,332.0,6639287483.45,27000000,8195886517.0
2025-08-28,8033,雷虎,177.0,1925696017.45,7500000,7156145239.0
2025-08-28,8046,南電,205.5,2702675428.2,11000000,5849906881.0
2025-08-29,2634,漢翔,60.0,1358891954.2,5500000,6616390538.0
2025-08-29,4772,台特化,289.0,1474554065.95,6000000,4497284568.0
2025-08-29,6191,精成科,131.0,2477113452.05,10000000,5688759245.0
2025-08-29,8046,南電,226.0,2848024753.65,11000000,13292425127.0
2025-09-01,2449,京元電子,156.0,5131202005.05,21000000,3163199080.0
2025-09-01,3708,上緯投控,144.0,1064340125.75,4500000,932177372.0
2025-09-01,4971,IET-KY,188.5,811043168.15,3000000,831581294.0
2025-09-01,4977,眾達-KY,120.0,922274103.6,3500000,1304964956.0
2025-09-01,5469,瀚宇博,89.8,577909882.7,2500000,2057247852.0
2025-09-01,6191,精成科,144.0,2611330423.35,10000000,12455683233.0
2025-09-01,6667,信紘科,301.0,637638685.25,2500000,1911897643.0
2025-09-02,3294,英濟,55.3,1318082550.4,5500000,2273792374.0
2025-09-02,5536,聖暉*,981.0,1402267968.65,5500000,5704977273.0
2025-09-03,6919,康霈*,231.5,4787968421.15,19000000,7907968782.0
2025-09-03,8358,金居,215.5,5854548779.55,23000000,19031061624.0
2025-09-04,2634,漢翔,67.1,2733840145.05,11000000,9894567323.0
2025-09-04,3491,昇達科,438.0,864390990.3,3500000,4049931363.0
2025-09-04,4541,晟田,63.2,640074258.95,2500000,1367989743.0
2025-09-04,4968,立積,160.5,682240351.7,2500000,1156163610.0
2025-09-04,5314,世紀*,88.8,1408444245.8,5500000,2563179138.0
2025-09-04,5371,中光電,131.0,5259169640.25,21000000,9082772338.0
2025-09-04,6919,康霈*,254.5,5154925248.3,21000000,13801695682.0
2025-09-04,8028,昇陽半導體,175.0,2198094738.75,9000000,5066519000.0
2025-09-05,1605,華新,23.9,515205048.3,2000000,1035190583.0
2025-09-05,5314,世紀*,97.6,1449177984.2,6000000,3189368230.0
2025-09-05,6753,龍德造船,174.0,764735790.15,3000000,3142517844.0
2025-09-08,2344,華邦電,22.55,1178735585.5,4500000,4992131427.0
2025-09-08,2408,南亞科,53.0,2457654634.35,10000000,8401615241.0
2025-09-08,3059,華晶科,59.1,1391244694.45,5500000,3249806109.0
2025-09-08,3211,順達,402.5,3223059988.1,13000000,5204715470.0
2025-09-08,3535,晶彩科,73.5,737347819.2,3000000,648099815.0
2025-09-08,5234,達興材料,426.5,1150280318.15,4500000,1415943069.0
2025-09-08,5309,系統電,61.1,1784693289.35,7000000,2699794482.0
2025-09-08,5314,世紀*,107.0,1548488468.85,6000000,6273772403.0
2025-09-08,6789,采鈺,298.0,810957859.85,3000000,2945710738.0
2025-09-08,8299,群聯,528.0,1055031538.6,4000000,3172952366.0
2025-09-08,8358,金居,227.5,8185654116.25,33000000,14658839527.0
2025-09-09,3605,宏致,82.5,1039308327.35,4000000,1998401783.0
2025-09-09,3707,漢磊,57.7,559076856.9,2000000,1853086049.0
2025-09-09,3711,日月光投控,171.5,1897009964.7,7500000,7624959530.0
2025-09-09,4977,眾達-KY,127.5,1128262869.45,4500000,4009715015.0
2025-09-09,5314,世紀*,117.5,1799468346.85,7000000,7308699726.0
2025-09-10,1504,東元,79.6,3284254784.65,13000000,13728799063.0
2025-09-10,1815,富喬,67.1,6973715039.35,28000000,3112483463.0
2025-09-10,5289,宜鼎,336.0,538831076.0,2000000,2341362276.0
2025-09-10,5309,系統電,71.2,1877998815.1,7500000,5162771073.0
2025-09-10,5498,凱崴,21.2,729361231.3,3000000,240531500.0
2025-09-10,8021,尖點,99.2,756973254.2,3000000,6307083562.0
2025-09-10,8358,金居,255.5,9059074078.8,36000000,17399594488.0
2025-09-11,1504,東元,87.5,3933638191.85,16000000,7714987003.0
2025-09-11,2208,台船,28.2,557086368.15,2000000,1467104732.0
2025-09-11,2301,光寶科,154.5,2792161938.3,11000000,3198565328.0
2025-09-11,2328,,60.7,2753720955.0,11000000,4372891055.0
2025-09-11,2374,佳能,93.5,3135887271.65,13000000,6065229523.0
2025-09-11,3297,杭特,67.4,586403272.0,2500000,236804751.0
2025-09-11,3323,加百裕,51.3,574556112.5,2500000,1830878500.0
2025-09-11,3715,定穎投控,102.5,4531276148.75,18000000,4926181951.0
2025-09-11,4722,國精化,141.5,666198378.6,2500000,654222525.0
2025-09-11,5371,中光電,131.0,6207573531.9,25000000,5970462746.0
2025-09-11,6753,龍德造船,203.5,1489476437.65,6000000,1889408109.0
2025-09-11,8299,群聯,605.0,1352981455.85,5500000,6555701935.0
2025-09-12,3305,昇貿,144.0,4135945783.7,17000000,3462849176.0
2025-09-12,3323,加百裕,56.4,593186553.05,2500000,2834908997.0
2025-09-15,3707,漢磊,57.2,828442715.7,3500000,1703059292.0
2025-09-16,2408,南亞科,63.1,4359751411.45,17000000,15523049646.0
2025-09-16,3707,漢磊,62.9,897682662.05,3500000,3081373053.0
2025-09-17,2374,佳能,107.0,3755075729.05,15000000,6790573965.0
2025-09-17,4722,國精化,132.0,604327469.65,2500000,721520288.0
2025-09-17,6449,鈺邦,194.0,707981146.9,3000000,959625073.0
2025-09-17,6488,環球晶,449.5,1028691639.85,4000000,8098862968.0
2025-09-17,6739,竹陞科技,729.0,554950937.6,2000000,975033426.0
2025-09-17,8021,尖點,91.9,1545593906.7,6000000,1877911781.0
2025-09-17,8046,南電,196.5,4252002594.4,17000000,3410787352.0
2025-09-18,3707,漢磊,69.9,1390848487.65,5500000,3570622539.0
2025-09-18,6770,力積電,20.4,542393196.3,2000000,3267932783.0
2025-09-19,2337,旺宏,27.05,665074252.9,2500000,2981433724.0
2025-09-19,2344,華邦電,32.3,4963018085.95,20000000,14081142879.0
2025-09-19,3324,雙鴻,897.0,4098173577.1,16000000,15003439561.0
2025-09-19,3535,晶彩科,83.0,1069447233.25,4500000,1431819362.0
2025-09-19,5469,瀚宇博,88.7,1017840742.4,4000000,2086745844.0
2025-09-19,6488,環球晶,490.5,2164524210.45,8500000,10616594813.0
2025-09-19,6770,力積電,22.4,695543476.9,3000000,7110942517.0
2025-09-22,3035,智原,168.5,509568059.2,2000000,3044761416.0
2025-09-22,3450,聯鈞,248.5,2591684146.4,10000000,6183209171.0
2025-09-22,4722,國精化,152.0,582818801.7,2500000,1884369252.0
2025-09-22,4991,環宇-KY,169.0,920028539.15,3500000,3787422260.0
2025-09-22,5469,瀚宇博,97.5,1105051079.3,4500000,3331118773.0
2025-09-22,8046,南電,220.0,4518698677.1,18000000,9998913047.0
2025-09-23,2231,為升,135.5,605806536.9,2500000,478667735.0
2025-09-23,2301,光寶科,185.5,5488835794.4,22000000,11859034478.0
2025-09-23,2630,亞航,61.3,591658992.35,2500000,549133979.0
2025-09-23,3006,晶豪科,80.5,698673362.0,3000000,1258789236.0
2025-09-23,3260,威剛,152.5,1667488365.1,6500000,4094915708.0
2025-09-23,4722,國精化,167.0,658036915.55,2500000,1771949834.0
2025-09-23,5371,中光電,123.5,5765242508.8,23000000,4550039701.0
2025-09-23,5469,瀚宇博,107.0,1257397633.4,5000000,3057307636.0
2025-09-23,6449,鈺邦,209.0,832405894.05,3500000,1968667197.0
2025-09-24,1504,東元,94.0,5080268777.6,20000000,11529738022.0
2025-09-24,5392,能率,50.0,766053681.95,3000000,1707054620.0
2025-09-24,6739,竹陞科技,859.0,617686529.55,2500000,1086409097.0
2025-09-24,6770,力積電,23.45,1527929289.55,6000000,5992042796.0
2025-09-25,2324,仁寶,34.5,909038166.25,3500000,4367624227.0
2025-09-25,3016,嘉晶,61.3,526236023.75,2000000,706087398.0
2025-09-25,3583,辛耘,426.5,663729320.15,2500000,5061101621.0
2025-09-25,3708,上緯投控,125.5,585525920.75,2500000,1314414514.0
2025-09-26,1605,華新,26.2,717321935.4,3000000,1138688565.0
2025-09-26,5392,能率,58.4,1025169917.05,4000000,3067728004.0
2025-09-26,8021,尖點,98.6,2377759931.75,9500000,6341487284.0
2025-10-01,3231,緯創,140.5,4840950850.5,19000000,15420914378.0
2025-10-01,3260,威剛,157.0,2302157768.85,9000000,3821973045.0
2025-10-01,3376,新日興,260.0,1113878444.25,4500000,3162226192.0
2025-10-01,4722,國精化,192.5,1339549657.65,5500000,1780764703.0
2025-10-01,6770,力積電,25.4,2500792982.65,10000000,3870641056.0
2025-10-01,8021,尖點,101.0,3114008316.1,12000000,4683350871.0
2025-10-02,1504,東元,104.5,8058539000.35,32000000,7678481475.0
2025-10-02,6739,竹陞科技,944.0,748318317.4,3000000,1066501994.0
2025-10-02,6770,力積電,27.9,2687503511.95,11000000,11027525704.0
2025-10-02,8021,尖點,111.0,3335297176.8,13000000,3607502998.0
2025-10-03,1504,東元,114.5,8366426330.25,33000000,18187181718.0
2025-10-03,8299,群聯,796.0,3608828942.15,14000000,10278334368.0
2025-10-03,8996,,395.0,1202111083.8,5000000,5114825624.0
2025-10-07,3006,晶豪科,82.5,1176487624.65,4500000,4438232906.0
2025-10-07,4722,國精化,214.5,1670858586.05,6500000,4092426240.0
2025-10-07,6449,鈺邦,220.5,1028721969.65,4000000,1958364782.0
2025-10-07,8046,南電,254.0,4667378396.5,19000000,11203281708.0
2025-10-08,1605,華新,27.75,1273753441.75,5000000,4658297981.0
2025-10-08,1802,台玻,30.55,2459793375.15,10000000,4238836130.0
2025-10-08,1815,富喬,74.6,5321490047.9,21000000,8455501331.0
2025-10-08,2344,華邦電,42.65,12538171535.65,50000000,11465121331.0
2025-10-08,4967,十銓,98.7,765886985.55,3000000,1512621350.0
2025-10-08,6531,愛普*,398.0,1367358000.5,5500000,3549034231.0
2025-10-08,6770,力積電,29.9,4191997189.75,17000000,10772212292.0
2025-10-08,8358,金居,256.5,15421206838.85,50000000,18443092861.0
2025-10-09,4967,十銓,108.5,827296615.35,3500000,3102859842.0
2025-10-09,5289,宜鼎,368.5,1332914406.15,5500000,2275917968.0
2025-10-13,2329,華泰,52.4,712823013.15,3000000,3427671662.0
2025-10-13,3189,景碩,137.5,1233275871.35,5000000,4574520594.0
2025-10-13,5289,宜鼎,405.0,1359464009.95,5500000,3225010633.0
2025-10-14,4967,十銓,125.0,1309492119.3,5000000,5692923557.0
2025-10-15,2609,陽明,56.7,759011066.2,3000000,5244868535.0
2025-10-15,6282,康舒,36.1,501786255.35,2000000,1465905581.0
2025-10-15,8996,,460.5,1935382403.1,7500000,1411565260.0
2025-10-16,2481,強茂,84.8,1413275867.0,5500000,6331373065.0
2025-10-16,3016,嘉晶,55.8,843667962.6,3500000,327850264.0
2025-10-16,3189,景碩,134.5,1987614582.65,8000000,4117754864.0
2025-10-16,3324,雙鴻,996.0,7002175082.4,28000000,10464127663.0
2025-10-16,5536,聖暉*,880.0,1474310594.9,6000000,2342128654.0
2025-10-16,6139,亞翔,451.0,2264622312.6,9000000,5965293276.0
2025-10-16,6217,中探針,56.1,679945916.75,2500000,1339345020.0
2025-10-16,8028,昇陽半導體,179.0,2210976360.9,9000000,2222598149.0
2025-10-16,8046,南電,281.5,7321095079.7,29000000,12796388304.0
2025-10-16,8271,宇瞻,102.5,968689445.55,4000000,2769304596.0
2025-10-16,8996,,506.0,1882313582.3,7500000,10052288375.0
2025-10-17,1605,華新,29.85,2977770958.85,12000000,4578305707.0
2025-10-17,2344,華邦電,44.0,15812015065.45,50000000,19028495936.0
2025-10-17,2408,南亞科,94.9,12652080233.65,50000000,13102584977.0
2025-10-17,3189,景碩,147.5,2170753885.3,8500000,13704030189.0
2025-10-17,5469,瀚宇博,100.0,1308572391.85,5000000,2055977731.0
2025-10-17,8088,品安,42.65,542508718.95,2000000,1168615153.0
2025-10-17,8110,華東,23.8,744628333.95,3000000,1301659814.0
2025-10-17,8271,宇瞻,112.5,1091634321.25,4500000,5875134058.0
2025-10-20,2375,凱美,86.6,1161613705.25,4500000,2436424545.0
2025-10-20,2408,南亞科,104.0,12531057000.2,50000000,26846236201.0
2025-10-20,6173,信昌電,54.2,632570746.0,2500000,583905191.0
2025-10-20,8088,品安,46.9,552740066.1,2000000,2644088540.0
2025-10-21,1504,東元,119.5,9222355748.2,37000000,8482240596.0
2025-10-21,2337,旺宏,29.4,2046226869.45,8000000,3419308987.0
2025-10-21,2375,凱美,95.2,1280899867.1,5000000,4935308879.0
2025-10-21,2481,強茂,89.8,2179469367.85,8500000,2496689985.0
2025-10-21,2492,華新科,113.5,1879648207.2,7500000,4314720882.0
2025-10-21,3081,聯亞,437.5,1021173899.25,4000000,2013962511.0
2025-10-21,3163,波若威,231.0,1339072726.6,5500000,3362363781.0
2025-10-21,6173,信昌電,59.6,661171879.8,2500000,2166751712.0
2025-10-21,8021,尖點,109.5,4471758443.0,18000000,1394459072.0
2025-10-21,8110,華東,25.35,831680215.9,3500000,1709117171.0
2025-10-22,1795,美時,306.5,1515850349.9,6000000,4350943784.0
2025-10-22,2481,強茂,98.7,2230170214.15,9000000,5957280793.0
2025-10-22,3016,嘉晶,61.0,741657470.3,3000000,805672148.0
2025-10-22,3305,昇貿,107.0,1310698288.65,5000000,1538509670.0
2025-10-22,3532,台勝科,112.0,711753284.0,3000000,1182634796.0
2025-10-22,4958,臻鼎-KY,165.0,2513437683.25,10000000,4085629117.0
2025-10-22,5392,能率,51.4,1151734089.15,4500000,1072623422.0
2025-10-22,6182,合晶,35.8,597213796.85,2500000,1540577026.0
2025-10-23,2312,金寶,23.8,639377570.7,2500000,2788740696.0
2025-10-23,4931,新盛力,137.5,1150284446.3,4500000,1230123030.0
2025-10-23,6282,康舒,42.9,993963727.95,4000000,4568669934.0
2025-10-27,8054,,140.5,930562861.1,3500000,3025689257.0
2025-10-28,2316,楠梓電,108.5,604756286.0,2500000,1692856337.0
2025-10-28,2327,國巨*,248.5,11004981246.6,44000000,28484589171.0
2025-10-28,2337,旺宏,33.15,2005970625.1,8000000,4050045803.0
2025-10-28,2408,南亞科,120.0,10932790153.5,44000000,3354849480.0
2025-10-28,2492,華新科,135.0,2842380007.1,11000000,5074870007.0
2025-10-28,3006,晶豪科,91.9,1799387452.6,7000000,4282733721.0
2025-10-28,3260,威剛,205.0,4105910854.0,16000000,5340016947.0
2025-10-28,6290,良維,163.0,1878571427.7,7500000,2285121040.0
2025-10-28,6442,光聖,873.0,3303656885.2,13000000,5209165597.0
2025-10-28,6770,力積電,31.5,7377439142.2,30000000,10843383105.0
2025-10-28,8112,至上,69.8,1159695336.65,4500000,4421031771.0
2025-10-29,2337,旺宏,36.45,2054810894.05,8000000,7102770284.0
2025-10-29,4979,華星光,209.0,2073271129.5,8500000,4855347462.0
2025-10-29,4991,環宇-KY,162.5,898411870.15,3500000,2675532479.0
2025-10-29,6239,力成,176.5,1160083365.8,4500000,4566923153.0
2025-10-29,6290,良維,179.0,1950199363.55,8000000,5495734905.0
2025-10-29,8210,勤誠,904.0,2076867994.8,8500000,3900682590.0
2025-10-30,2316,楠梓電,110.0,736385850.15,3000000,3175339096.0
2025-10-30,2449,京元電子,207.0,4489953872.3,18000000,12056850446.0
2025-10-30,3035,智原,184.5,958672876.65,4000000,2969681845.0
2025-10-30,6217,中探針,56.7,895682250.55,3500000,993074393.0
2025-10-31,2615,萬海,87.4,1035561300.35,4000000,5406851026.0
2025-10-31,3006,晶豪科,96.3,1968704848.35,8000000,4458361334.0
2025-11-03,1519,華城,715.0,1586929838.45,6500000,8659300159.0
2025-11-03,2368,金像電,465.5,2508884585.95,10000000,10287225260.0
2025-11-03,3711,日月光投控,247.5,5321746070.2,21000000,13230329914.0
2025-11-03,4991,環宇-KY,182.5,1273414266.15,5000000,4234023319.0
2025-11-03,5439,高技,352.5,1407442852.8,5500000,5976392901.0
2025-11-04,1519,華城,786.0,1988673261.7,8000000,12410986088.0
2025-11-04,2421,建準,166.0,1059914141.45,4000000,3619941128.0
2025-11-04,3105,穩懋,118.0,571635685.0,2500000,1967097738.0
2025-11-04,3167,大量,182.5,553610156.5,2000000,1605127796.0
2025-11-04,6173,信昌電,64.6,1052495849.45,4000000,1324104362.0
2025-11-04,8033,雷虎,128.5,773185541.7,3000000,465354397.0
2025-11-07,2337,旺宏,34.45,4193654366.65,17000000,9841716058.0
2025-11-07,4989,榮科,47.1,710970620.6,3000000,1221344835.0
2025-11-07,6584,南俊國際,292.5,508906507.25,2000000,944349939.0
2025-11-07,8110,華東,26.25,1076071218.3,4500000,2122664848.0
2025-11-10,2421,建準,168.5,1456600797.8,6000000,3387165747.0
2025-11-10,2451,創見,148.5,616265242.2,2500000,1528676530.0
2025-11-10,8088,品安,46.8,874771704.4,3500000,1244500796.0
2025-11-10,8110,華東,28.85,1065826127.25,4500000,4669833415.0
2025-11-10,8271,宇瞻,106.0,1593374352.75,6500000,2022656662.0
2025-11-11,2408,南亞科,161.5,21791195644.2,50000000,28260748677.0
2025-11-11,2451,創見,163.0,682959540.65,2500000,486294689.0
2025-11-11,5314,世紀*,114.0,1911137941.05,7500000,1143599156.0
2025-11-11,8096,擎亞,58.8,835710657.15,3500000,1869502108.0
2025-11-11,8110,華東,31.7,1185039532.45,4500000,3855926710.0
2025-11-11,8112,至上,79.4,2744716994.3,11000000,7675980540.0
2025-11-11,8271,宇瞻,116.5,1638565079.4,6500000,2957191156.0
2025-11-12,1802,台玻,32.05,1663225011.85,6500000,6682226698.0
2025-11-12,1815,富喬,83.0,6205644612.95,25000000,12428669007.0
2025-11-12,2451,創見,179.0,685513955.75,2500000,355742810.0
2025-11-12,3715,定穎投控,111.5,2561340367.65,10000000,4566544287.0
2025-11-12,4989,榮科,48.15,784090131.2,3000000,1364042607.0
2025-11-12,6173,信昌電,63.3,1218752017.95,5000000,768537078.0
2025-11-12,8110,華東,34.85,1277480483.6,5000000,6197370474.0
2025-11-13,1303,南亞,49.8,1964680536.35,8000000,8385497650.0
2025-11-13,1802,台玻,35.25,1865523075.65,7500000,8021675554.0
2025-11-13,1815,富喬,91.3,6617638210.15,26000000,12863616774.0
2025-11-13,2368,金像電,548.0,4944315656.7,20000000,3144503212.0
2025-11-13,2451,創見,196.5,675571557.1,2500000,3085651805.0
2025-11-13,2498,宏達電,51.7,560501738.35,2000000,381782819.0
2025-11-13,3491,昇達科,463.5,684027983.0,2500000,2641582954.0
2025-11-13,5289,宜鼎,523.0,2497734094.5,10000000,3223491836.0
2025-11-13,6770,力積電,36.5,8476633935.1,34000000,17621987119.0
2025-11-13,8021,尖點,132.5,4483278317.75,18000000,8811230791.0
2025-11-13,8110,華東,38.3,1555813956.65,6000000,2503380374.0
2025-11-14,1605,華新,34.45,2761868112.55,11000000,11568705906.0
2025-11-14,2375,凱美,97.6,1737624802.7,7000000,2165909300.0
2025-11-14,2404,漢唐,821.0,1746029259.05,7000000,2377740019.0
2025-11-14,2451,創見,216.0,781694070.85,3000000,3249877160.0
2025-11-14,2472,立隆電,108.5,1182172183.1,4500000,1129692533.0
2025-11-14,2492,華新科,130.5,3016217595.15,12000000,5152530489.0
2025-11-14,3090,日電貿,93.5,809566729.4,3000000,1051845598.0
2025-11-14,3189,景碩,144.5,3606946252.35,14000000,5179385762.0
2025-11-14,3715,定穎投控,130.5,3356498976.55,13000000,11054766907.0
2025-11-14,8043,蜜望實,58.4,511160837.1,2000000,555956873.0
2025-11-14,8110,華東,42.1,1630798384.0,6500000,4740664061.0
2025-11-14,8150,南茂,44.0,551701738.95,2000000,2284749760.0
2025-11-17,8043,蜜望實,64.2,532323025.85,2000000,1433335422.0
2025-11-18,2486,一詮,100.5,627751517.6,2500000,947599549.0
2025-11-18,3167,大量,225.5,2151347862.05,8500000,5601611492.0
2025-11-18,6584,南俊國際,347.5,774776408.2,3000000,1705277195.0
2025-11-20,6919,康霈*,134.5,1031749613.75,4000000,1270635688.0
2025-11-21,1802,台玻,34.25,3656894722.75,15000000,6785263145.0
2025-11-21,1815,富喬,86.6,9808653774.0,39000000,6806921878.0
2025-11-21,2368,金像電,574.0,6463909100.35,26000000,8922700985.0
2025-11-21,3026,禾伸堂,113.0,591094212.65,2500000,327456632.0
2025-11-21,4989,榮科,43.6,1119132135.2,4500000,711948441.0
2025-11-21,6191,精成科,114.0,3034385482.25,12000000,2060083751.0
2025-11-21,8043,蜜望實,73.2,1141483486.85,4500000,564025323.0
2025-11-21,8069,元太,185.5,1057552800.2,4000000,878689322.0
2025-11-21,8358,金居,238.5,1538292915.3,6000000,7537636335.0
2025-11-24,8043,蜜望實,80.5,1009585522.0,4000000,3636873398.0
2025-11-25,3105,穩懋,122.0,1453584751.25,6000000,373660204.0
2025-11-25,6919,康霈*,137.5,1203838956.05,5000000,2109291259.0
2025-11-25,8033,雷虎,122.0,827064468.2,3500000,461441178.0
2025-11-26,2316,楠梓電,97.5,876981108.1,3500000,553548861.0
2025-11-26,2368,金像電,594.0,8225473484.7,33000000,12734509069.0
2025-11-26,3105,穩懋,134.0,1448803790.7,6000000,3307114094.0
2025-11-26,3450,聯鈞,236.5,2734352994.85,11000000,2899776850.0
2025-11-26,3715,定穎投控,119.0,5296977933.0,21000000,5544355553.0
2025-11-26,5498,凱崴,28.7,619910862.9,2500000,1289098290.0
2025-11-26,6191,精成科,122.0,3223066908.35,13000000,3882697982.0
2025-11-26,6919,康霈*,151.0,1278973179.9,5000000,1154638259.0
2025-11-26,8021,尖點,139.5,5446238049.5,22000000,7479012920.0
2025-11-26,8996,,525.0,1736059916.65,7000000,3390325071.0
2025-11-27,2316,楠梓電,107.0,772154304.7,3000000,1707692568.0
2025-11-27,3081,聯亞,528.0,1106018317.45,4500000,5198909276.0
2025-11-27,3163,波若威,276.5,1576972260.25,6500000,7327513226.0
2025-11-27,5314,世紀*,114.0,1154949969.55,4500000,2219745580.0
2025-11-27,5371,中光電,100.0,1572889474.45,6500000,1496760800.0
2025-11-27,8033,雷虎,143.5,992955003.25,4000000,916661822.0
2025-11-28,1303,南亞,56.2,6071982470.55,24000000,8423612196.0
2025-11-28,2316,楠梓電,117.5,698771978.3,3000000,4426073139.0
2025-11-28,4931,新盛力,145.0,888430339.55,3500000,1458164439.0
2025-11-28,5469,瀚宇博,106.5,1277267413.45,5000000,3871075963.0
2025-11-28,8039,台虹,71.5,823850787.45,3500000,2008736891.0
2025-12-01,3105,穩懋,143.0,1829904875.4,7500000,4237143689.0
2025-12-01,3163,波若威,318.0,2085400036.2,8500000,8811598214.0
2025-12-01,4931,新盛力,159.5,934067973.2,3500000,1506914020.0
2025-12-01,8039,台虹,78.6,895705656.45,3500000,6125592648.0
2025-12-01,8042,金山電,57.2,541089904.6,2000000,572391660.0
2025-12-02,8110,華東,40.6,1746968005.25,7000000,4796232270.0
2025-12-04,3363,上詮,418.0,1599126183.1,6500000,5133925169.0
2025-12-04,4971,IET-KY,205.0,732373349.05,3000000,615792540.0
2025-12-04,8042,金山電,59.6,684469319.25,2500000,818840646.0
2025-12-04,8111,立碁,74.9,1137319370.8,4500000,1707348991.0
2025-12-04,8131,福懋科,46.4,540461300.95,2000000,1935282881.0
2025-12-05,2606,裕民,69.6,529762649.55,2000000,1026923906.0
2025-12-05,6919,康霈*,183.0,1572678539.35,6500000,4659934170.0
2025-12-08,3167,大量,221.0,2718768858.5,11000000,4667881717.0
2025-12-08,4971,IET-KY,230.0,864097581.3,3500000,280502710.0
2025-12-08,8096,擎亞,51.2,630586309.9,2500000,670208415.0
2025-12-09,2337,旺宏,37.25,5899680397.45,24000000,5618445588.0
2025-12-09,2344,華邦電,67.9,10138864077.8,41000000,20721297096.0
2025-12-09,2485,兆赫,25.05,541630144.95,2000000,993103001.0
2025-12-09,3491,昇達科,581.0,1066333409.95,4500000,2839623471.0
2025-12-09,6706,惠特,119.0,561985077.2,2000000,1688323812.0
2025-12-09,8039,台虹,85.5,1717547257.2,7000000,3156460513.0
2025-12-09,8110,華東,43.55,2414331048.7,9500000,2345454272.0
2025-12-10,2485,兆赫,27.55,588704696.45,2500000,2605808334.0
2025-12-10,3105,穩懋,167.0,2049436151.8,8000000,5034680168.0
2025-12-10,3163,波若威,359.5,4187036338.6,17000000,5946066389.0
2025-12-10,4971,IET-KY,245.5,970054968.9,4000000,2116387647.0
2025-12-10,4989,榮科,45.85,913228656.55,3500000,1036032386.0
2025-12-10,8039,台虹,94.0,1859675960.65,7500000,5249862263.0
2025-12-10,8110,華東,47.9,2338807426.8,9500000,9506650636.0
2025-12-11,8021,尖點,151.5,4189358748.85,17000000,11006058714.0
2025-12-11,8358,金居,279.0,3171440587.5,13000000,21789019912.0
2025-12-12,4971,IET-KY,271.0,1243278251.05,5000000,2799980669.0
2025-12-12,6290,良維,188.0,984706737.8,4000000,2806861745.0
2025-12-12,8021,尖點,166.5,4299100145.0,17000000,12014553319.0
2025-12-12,8110,華東,54.1,2889342012.4,12000000,5313588193.0
2025-12-15,6209,今國光,65.3,937699574.1,4000000,1330988197.0
2025-12-15,6706,惠特,118.5,792346930.1,3000000,1292600746.0
2025-12-16,4971,IET-KY,297.0,1559125728.5,6000000,3277601655.0
2025-12-16,5498,凱崴,32.3,676825901.8,2500000,1421755037.0
2025-12-18,2313,華通,94.9,1462869409.7,6000000,8117952797.0
2025-12-18,3624,光頡,54.2,532766414.15,2000000,462367810.0
2025-12-18,4967,十銓,145.0,908229771.65,3500000,2254623303.0
2025-12-22,3030,德律,188.0,659604218.65,2500000,2760625530.0
2025-12-22,4722,國精化,174.5,590213480.35,2500000,1201465302.0
2025-12-22,5498,凱崴,36.9,926422881.45,3500000,1340189107.0
2025-12-22,8131,福懋科,51.2,628647261.9,2500000,1892268788.0
2025-12-23,2313,華通,96.5,2719020125.45,11000000,7296384800.0
2025-12-23,2402,毅嘉,61.8,928730711.85,3500000,1274890926.0
2025-12-23,2455,全新,147.0,512792914.8,2000000,1191819275.0
2025-12-23,3105,穩懋,191.0,3815557703.0,15000000,4923779914.0
2025-12-23,4967,十銓,149.5,1138280989.95,4500000,2960306481.0
2025-12-23,4991,環宇-KY,211.5,1156851765.65,4500000,993474643.0
2025-12-23,5498,凱崴,40.55,974753425.15,4000000,3274974659.0
2025-12-23,6770,力積電,40.45,6467277217.6,26000000,19106166131.0
2025-12-23,8131,福懋科,56.3,709800838.25,3000000,919500170.0
2025-12-24,1785,光洋科,69.3,558112447.85,2000000,3070353226.0
2025-12-24,4979,華星光,291.5,7034790518.55,28000000,15269577378.0
2025-12-24,4991,環宇-KY,232.5,1197098437.55,5000000,2848408967.0
2025-12-24,6706,惠特,130.5,1328480077.0,5500000,1353344490.0
2025-12-26,3260,威剛,223.5,2695470800.4,11000000,7957803824.0
2025-12-29,2009,第一銅,49.5,516655219.55,2000000,1782899743.0
2025-12-29,2329,華泰,56.6,690684379.1,3000000,2159249509.0
2025-12-29,3264,欣銓,102.0,739869531.45,3000000,3499083632.0
2025-12-29,5498,凱崴,46.5,1291147771.2,5000000,2584230977.0
2025-12-29,8074,鉅橡,50.5,538335068.75,2000000,1114692929.0
2025-12-30,2009,第一銅,54.4,598915433.05,2500000,802986567.0
2025-12-30,2449,京元電子,245.0,4632364349.55,19000000,15028993218.0
2025-12-30,3264,欣銓,112.0,857272256.3,3500000,6894471311.0
2025-12-30,3481,群創,14.85,857339427.6,3500000,5404834436.0
2025-12-30,4989,榮科,52.5,632428797.7,2500000,1609722620.0
2025-12-30,5340,建榮,73.8,691915257.75,3000000,1278647668.0
2025-12-30,5498,凱崴,51.1,1392078452.45,5500000,2335057040.0
2025-12-30,8021,尖點,185.0,5261631496.15,21000000,8217214387.0
2025-12-30,8422,可寧衛*,29.3,590282215.05,2500000,2638630503.0
2025-12-31,3006,晶豪科,107.5,1078624616.2,4500000,2600377576.0
2025-12-31,3481,群創,16.3,1076042614.9,4500000,14057605529.0
2025-12-31,8271,宇瞻,108.5,678535028.8,2500000,1776172365.0
2026-01-02,3006,晶豪科,118.0,1188562567.35,5000000,5230141110.0
2026-01-02,3264,欣銓,124.5,1415209338.0,5500000,4418382908.0
2026-01-02,3363,上詮,457.5,1598330176.1,6500000,3075968734.0
2026-01-02,4967,十銓,189.0,2177663675.85,8500000,6990866289.0
2026-01-02,5289,宜鼎,576.0,1731583927.4,7000000,4592949833.0
2026-01-02,8131,福懋科,64.7,1107276478.2,4500000,2246069801.0
2026-01-05,2337,旺宏,43.35,4626016799.6,19000000,7314045530.0
2026-01-05,2344,華邦電,90.8,25345684953.4,50000000,36674571197.0
2026-01-05,3006,晶豪科,129.5,1434080717.55,5500000,4161592927.0
2026-01-05,3090,日電貿,108.0,979560055.2,4000000,2390181271.0
2026-01-05,5351,鈺創,55.8,697239626.35,3000000,1859071970.0
2026-01-06,2337,旺宏,47.65,4866493952.55,19000000,1691854859.0
2026-01-06,2409,友達,13.85,846605483.5,3500000,3584984906.0
2026-01-06,3481,群創,19.9,3135145210.8,13000000,10538985373.0
2026-01-06,3680,家登,408.0,640929565.55,2500000,2852882075.0
2026-01-06,5351,鈺創,61.3,781055497.6,3000000,2839301637.0
2026-01-06,6239,力成,201.5,1959289902.2,8000000,6409923814.0
2026-01-06,8028,昇陽半導體,205.0,1374981662.35,5500000,9063112401.0
2026-01-06,8110,華東,68.5,3303692353.7,13000000,5860626559.0
2026-01-07,2313,華通,103.5,4561949827.55,18000000,8542167887.0
2026-01-07,2337,旺宏,52.4,4864259805.8,19000000,19078808378.0
2026-01-07,2408,南亞科,228.5,13283891789.0,50000000,34552758206.0
2026-01-07,2409,友達,15.2,1001635173.1,4000000,4790456155.0
2026-01-07,3481,群創,21.85,3621383881.25,14000000,22209424947.0
2026-01-07,4927,泰鼎-KY,35.55,676167648.85,2500000,1927453155.0
2026-01-07,6770,力積電,47.75,9771774964.8,39000000,20651597478.0
2026-01-08,1303,南亞,64.7,4060921301.05,16000000,13106802718.0
2026-01-08,1605,華新,39.65,2940262042.25,12000000,10237740986.0
2026-01-08,1717,長興,55.7,592929953.15,2500000,6820687164.0
2026-01-08,2303,聯電,54.1,2518591822.9,10000000,12435786065.0
2026-01-08,2337,旺宏,57.6,5694024620.6,23000000,26031228776.0
2026-01-08,2367,燿華,31.65,644993953.6,2500000,3139702388.0
2026-01-08,2409,友達,16.7,1213344707.0,5000000,14033733355.0
2026-01-08,2451,創見,238.0,2113599688.95,8500000,1698969176.0
2026-01-08,3060,銘異,36.35,606809325.55,2500000,583220275.0
2026-01-08,4768,晶呈科技,429.5,582531001.95,2500000,847973800.0
2026-01-08,6415,矽力*-KY,227.0,502867326.1,2000000,4363186465.0
2026-01-08,6443,元晶,28.4,810755450.3,3000000,2262686129.0
2026-01-08,8422,可寧衛*,34.9,1831878567.6,7500000,5535297043.0
2026-01-09,2337,旺宏,63.3,6714663780.0,27000000,31780835947.0
2026-01-09,5314,世紀*,102.5,558987092.25,2000000,1114094754.0
2026-01-09,6443,元晶,31.2,920209044.9,3500000,2208814356.0
2026-01-09,8033,雷虎,158.5,867881060.25,3500000,3173630539.0
2026-01-09,8074,鉅橡,51.2,843509880.9,3500000,472477745.0
2026-01-12,2313,華通,115.5,5935614859.9,24000000,11790082126.0
2026-01-12,3715,定穎投控,139.5,3834440112.1,15000000,9067983112.0
2026-01-12,8021,尖點,215.5,6616867991.2,26000000,7464777332.0
2026-01-12,8043,蜜望實,87.4,1197891899.2,5000000,1647991526.0
2026-01-12,8074,鉅橡,56.3,861535125.4,3500000,1994477570.0
2026-01-12,8150,南茂,58.3,1522768159.55,6000000,4256535462.0
2026-01-12,8422,可寧衛*,39.05,2577883075.3,10000000,9971360120.0
2026-01-12,8996,,635.0,1842049676.1,7500000,5931481577.0
2026-01-13,2312,金寶,25.05,506791568.25,2000000,3072039524.0
2026-01-13,2313,華通,127.0,6491961084.0,26000000,12863419003.0
2026-01-13,2367,燿華,33.65,909823724.95,3500000,3938828341.0
2026-01-13,2406,國碩,28.05,617165488.7,2500000,517713645.0
2026-01-13,2455,全新,162.0,813968732.85,3500000,2810859462.0
2026-01-13,2485,兆赫,27.5,1204844744.8,5000000,355689941.0
2026-01-13,3081,聯亞,673.0,1453263273.0,6000000,4548336957.0
2026-01-13,3305,昇貿,121.5,1264224991.3,5000000,3109709523.0
2026-01-13,4958,臻鼎-KY,158.5,1175992019.4,4500000,3154316825.0
2026-01-13,5347,世界,119.0,1784190807.3,7000000,8136030110.0
2026-01-13,6239,力成,220.0,3069488620.1,12000000,5693749747.0
2026-01-13,6443,元晶,34.8,1445036023.8,6000000,2105716271.0
2026-01-13,6488,環球晶,472.0,2105261163.3,8500000,4241915926.0
2026-01-13,6903,巨漢,251.5,561888499.35,2000000,600565959.0
2026-01-13,8422,可寧衛*,42.95,3062986872.05,12000000,2566419500.0
2026-01-13,8996,,698.0,2123877466.1,8500000,2522878351.0
2026-01-14,1717,長興,59.5,1520510491.35,6000000,6310989806.0
2026-01-14,2312,金寶,27.55,644503997.9,2500000,5794119221.0
2026-01-14,2371,大同,35.65,896569739.7,3500000,2503050960.0
2026-01-14,2406,國碩,30.85,626439329.8,2500000,2289117818.0
2026-01-14,2485,兆赫,30.25,1158516490.0,4500000,2250759805.0
2026-01-14,3135,凌航,113.5,517987123.45,2000000,1037286988.0
2026-01-14,6239,力成,242.0,3302260812.95,13000000,9134704011.0
2026-01-14,6903,巨漢,276.5,567198260.15,2500000,1328205484.0
2026-01-14,8422,可寧衛*,47.2,3181436119.75,13000000,1093759697.0
2026-01-15,1504,東元,90.5,1525313087.0,6000000,5336603661.0
2026-01-15,1519,華城,893.0,3899435072.25,16000000,8959835872.0
2026-01-15,2312,金寶,30.3,898041901.7,3500000,1923165069.0
2026-01-15,2485,兆赫,33.25,1181050544.05,4500000,627427967.0
2026-01-15,4989,榮科,60.5,1015461265.65,4000000,2806124349.0
2026-01-15,6173,信昌電,76.6,525705693.8,2000000,2177835786.0
2026-01-15,6182,合晶,39.6,584773661.85,2500000,2322311743.0
2026-01-15,8042,金山電,70.4,533626810.15,2000000,1390181983.0
2026-01-15,8043,蜜望實,98.7,1261478627.0,5000000,3532263371.0
2026-01-15,8422,可寧衛*,51.9,3223208008.3,13000000,1908930003.0
2026-01-16,1303,南亞,69.7,5639842723.85,23000000,15501028134.0
2026-01-16,1717,長興,67.1,2244867307.2,9000000,7203002060.0
2026-01-16,1802,台玻,38.0,2284977018.55,9000000,8199016659.0
2026-01-16,2312,金寶,33.3,974739420.05,4000000,12214658685.0
2026-01-16,2485,兆赫,36.55,1118557514.95,4500000,4764648253.0
2026-01-16,3535,晶彩科,97.7,620637295.15,2500000,1739532112.0
2026-01-16,4764,雙鍵,133.0,540543431.65,2000000,540864427.0
2026-01-16,4989,榮科,66.5,1147043553.7,4500000,3025540108.0
2026-01-16,5340,建榮,76.6,532752221.45,2000000,1205209030.0
2026-01-16,6919,康霈*,165.0,676752214.35,2500000,1168082614.0
2026-01-16,8088,品安,60.5,811625950.0,3000000,1019724515.0
2026-01-19,1802,台玻,41.8,2572863552.15,10000000,8034153334.0
2026-01-19,3037,欣興,274.0,6115654594.25,24000000,19744966398.0
2026-01-19,3135,凌航,122.0,608974999.8,2500000,464421272.0
2026-01-19,3189,景碩,192.5,4000996280.7,16000000,10394261525.0
2026-01-19,5340,建榮,84.2,581917344.25,2500000,1151039973.0
2026-01-19,5347,世界,139.5,3175736123.8,13000000,10790713704.0
2026-01-19,6446,藥華藥,587.0,913832759.85,3500000,5672940836.0
2026-01-19,8046,南電,289.5,2515726715.75,10000000,8729540947.0
2026-01-19,8088,品安,66.5,858183580.5,3500000,2121034636.0
2026-01-19,8150,南茂,67.7,2696474459.4,11000000,5108524336.0
2026-01-20,1802,台玻,45.95,2881578136.25,12000000,6845697118.0
2026-01-20,1815,富喬,108.5,7989023706.9,32000000,16932517673.0
2026-01-20,2329,華泰,68.0,1724328368.5,7000000,2461481557.0
2026-01-20,2409,友達,17.25,4319213096.2,17000000,7971886717.0
2026-01-20,2492,華新科,146.5,1498116905.15,6000000,5813931403.0
2026-01-20,3037,欣興,301.0,6876380057.9,28000000,22278788257.0
2026-01-20,3135,凌航,134.0,624060130.65,2500000,82336434.0
2026-01-20,3189,景碩,211.5,4468513699.45,18000000,13946684135.0
2026-01-20,3535,晶彩科,106.5,773738106.15,3000000,1602815363.0
2026-01-20,4971,IET-KY,338.5,1183853992.15,4500000,2979355667.0
2026-01-20,5289,宜鼎,750.0,2492244598.8,10000000,2039411750.0
2026-01-20,5340,建榮,92.6,632752602.55,2500000,1956044030.0
2026-01-20,6285,啟碁,118.5,699633650.9,3000000,1430287281.0
2026-01-20,6415,矽力*-KY,238.5,1480035386.1,6000000,1696378639.0
2026-01-20,6706,惠特,133.0,1443358859.45,6000000,1431638070.0
2026-01-20,8046,南電,318.0,2826919497.25,11000000,16634086514.0
2026-01-20,8088,品安,73.1,956861061.65,4000000,856629165.0
2026-01-20,8110,華東,88.0,3607256003.15,14000000,4583216427.0
2026-01-20,8131,福懋科,76.4,1683660029.4,6500000,1209181485.0
2026-01-21,1513,中興電,176.5,953598145.2,4000000,7992467217.0
2026-01-21,1802,台玻,50.5,3097163884.45,12000000,20840474798.0
2026-01-21,2455,全新,184.5,1525660727.2,6000000,3468419771.0
2026-01-21,2481,強茂,97.6,1385333868.1,5500000,5779366248.0
2026-01-21,3081,聯亞,708.0,1510080236.75,6000000,1870454840.0
2026-01-21,4971,IET-KY,372.0,1159447910.45,4500000,3969738031.0
2026-01-21,4979,華星光,290.5,7205280900.5,29000000,7942883189.0
2026-01-21,5340,建榮,101.5,724556081.1,3000000,1967376108.0
2026-01-21,6282,康舒,63.8,3989564162.75,16000000,9350062017.0
2026-01-21,6285,啟碁,130.0,754043186.45,3000000,5243547052.0
2026-01-21,6443,元晶,40.8,2496136383.25,10000000,5163256584.0
2026-01-21,8074,鉅橡,65.5,1090204241.65,4500000,472420860.0
2026-01-22,1514,亞力,139.5,900908071.15,3500000,4386952935.0
2026-01-22,2645,長榮航太,177.0,554558618.3,2000000,1672248217.0
2026-01-22,8074,鉅橡,72.0,1079572873.45,4500000,248588064.0
2026-01-23,1503,士電,237.0,1080196462.65,4500000,4900732457.0
2026-01-23,2301,光寶科,177.0,2656417575.45,11000000,9595855844.0
2026-01-23,2356,英業達,51.2,834841209.65,3500000,7127643021.0
2026-01-23,2492,華新科,157.5,2282306353.25,9000000,2426680121.0
2026-01-23,3044,健鼎,346.5,1059330540.55,4000000,3127253892.0
2026-01-23,3211,順達,306.0,1745324979.45,7000000,3460456758.0
2026-01-23,3624,光頡,67.6,770118099.7,3000000,503149943.0
2026-01-23,6155,鈞寶,62.8,516808844.5,2000000,513420324.0
2026-01-23,6285,啟碁,141.0,1216840766.95,5000000,3109904171.0
2026-01-23,6548,長科*,58.6,637870449.2,2500000,1489735760.0
2026-01-23,8021,尖點,242.0,5371615896.0,21000000,7281501262.0
2026-01-26,2313,華通,171.0,9693007197.3,39000000,14421648331.0
2026-01-26,2367,燿華,44.1,2865263473.2,11000000,7532076186.0
2026-01-26,2486,一詮,105.5,710650836.3,3000000,3686508910.0
2026-01-26,3532,台勝科,146.5,932051441.25,3500000,2249181829.0
2026-01-26,6285,啟碁,155.0,1358010107.05,5500000,10194073526.0
2026-01-26,8131,福懋科,77.6,1666088887.1,6500000,3028058861.0
2026-01-27,1301,台塑,48.8,1293622095.15,5000000,4262339613.0
2026-01-27,1326,台化,38.95,652951962.05,2500000,1712310954.0
2026-01-27,2337,旺宏,76.2,9461103437.7,38000000,15383462979.0
2026-01-27,2367,燿華,48.5,3226813508.45,13000000,6915331377.0
2026-01-27,2486,一詮,116.0,877678246.45,3500000,3487147479.0
2026-01-27,3006,晶豪科,156.0,2383115560.95,9500000,4161618032.0
2026-01-27,3260,威剛,345.5,3461393532.65,14000000,4499586896.0
2026-01-27,3715,定穎投控,155.5,6426254823.35,26000000,9910344710.0
2026-01-27,6209,今國光,73.4,556544746.2,2000000,725619600.0
2026-01-27,6217,中探針,67.3,669183964.75,2500000,1762548358.0
2026-01-27,6446,藥華藥,660.0,1713404381.9,7000000,4687888643.0
2026-01-27,6640,均華,790.0,554380475.3,2000000,887364278.0
2026-01-27,8110,華東,83.0,4821486175.3,19000000,4893233455.0
2026-01-27,8131,福懋科,85.3,1752736330.25,7000000,4512691339.0
2026-01-28,2303,聯電,76.2,12915036406.2,50000000,37015256480.0
2026-01-28,2363,矽統,60.5,505894198.15,2000000,2435100944.0
2026-01-28,2486,一詮,127.5,1041260661.2,4000000,5202527311.0
2026-01-28,3163,波若威,424.5,1447266230.6,6000000,8352671016.0
2026-01-28,3189,景碩,228.5,7224999191.35,29000000,7209176516.0
2026-01-28,4967,十銓,248.0,3418093204.6,14000000,7473509431.0
2026-01-28,4971,IET-KY,363.0,1603134696.7,6500000,1892089691.0
2026-01-28,4989,榮科,63.0,1526533284.05,6000000,1131792275.0
2026-01-28,5347,世界,159.5,5383404531.55,22000000,6276026141.0
2026-01-28,5498,凱崴,67.3,1059922629.9,4000000,1074460320.0
2026-01-28,6415,矽力*-KY,287.5,2608820501.05,10000000,4891064373.0
2026-01-29,1503,士電,246.0,1618712620.85,6500000,3675206682.0
2026-01-29,1717,長興,67.3,4083251195.7,16000000,2538665152.0
2026-01-29,2337,旺宏,83.8,11257812675.95,45000000,17368049607.0
2026-01-29,2344,華邦電,127.0,16863703994.55,50000000,22925295243.0
2026-01-29,3006,晶豪科,166.0,2509427068.6,10000000,5955782385.0
2026-01-29,3081,聯亞,900.0,2677254268.5,11000000,7350040088.0
2026-01-29,3149,正達,60.2,1000819603.5,4000000,1275946093.0
2026-01-29,3163,波若威,466.5,1833433824.9,7500000,7002156769.0
2026-01-29,4977,眾達-KY,138.0,523603942.85,2000000,1807540028.0
2026-01-29,4979,華星光,322.0,6737804751.95,27000000,16699003615.0
2026-01-29,6265,方土昶,48.8,603907498.95,2500000,1063346252.0
2026-01-29,6485,點序,124.5,773516438.15,3000000,1274125658.0
2026-01-29,6770,力積電,65.4,11060818731.85,44000000,23172906909.0
2026-01-30,2337,旺宏,92.1,11935752703.9,48000000,41855553944.0
2026-01-30,3081,聯亞,990.0,3029681133.8,12000000,6920725873.0
2026-01-30,6706,惠特,127.0,899963542.7,3500000,1776392175.0
2026-02-02,2408,南亞科,326.5,18178586941.2,50000000,40403420894.0
2026-02-02,3006,晶豪科,195.0,2944856366.4,12000000,11479087388.0
2026-02-02,3037,欣興,378.5,15007966796.15,50000000,27899931914.0
2026-02-02,3189,景碩,252.0,8391344727.85,34000000,18738030317.0
2026-02-02,4958,臻鼎-KY,195.5,3459865489.45,14000000,11103583834.0
2026-02-02,6683,雍智科技,576.0,557806889.05,2000000,1057437020.0
2026-02-02,8096,擎亞,76.3,741130405.55,3000000,3950920251.0
2026-02-03,3363,上詮,458.0,1520882443.25,6000000,5093965755.0
2026-02-03,5309,系統電,66.8,814047770.5,3500000,1112190821.0
2026-02-03,6683,雍智科技,633.0,600229314.0,2500000,1709070643.0
2026-02-04,1815,富喬,95.7,8786037878.65,35000000,5939656154.0
2026-02-04,2367,燿華,54.1,5571709146.2,22000000,7967403168.0
2026-02-04,2455,全新,172.0,2505121710.9,10000000,2682670675.0
2026-02-04,2467,志聖,266.5,677413274.2,2500000,1947068397.0
2026-02-04,5498,凱崴,62.1,845164856.25,3500000,421105413.0
2026-02-04,6217,中探針,64.7,925041427.45,3500000,1105566465.0
2026-02-04,6683,雍智科技,696.0,674013340.8,2500000,634311016.0
2026-02-04,8074,鉅橡,65.0,932539977.1,3500000,279614513.0
2026-02-05,2367,燿華,59.5,5915007417.3,24000000,7511797890.0
2026-02-05,2409,友達,15.15,5674238982.7,23000000,2855180827.0
2026-02-05,2485,兆赫,45.25,1283192732.1,5000000,3712005300.0
2026-02-05,3189,景碩,270.5,9872174042.8,39000000,20779608536.0
2026-02-05,3481,群創,23.0,9745047303.75,39000000,10386538253.0
2026-02-05,3693,營邦,423.5,576283756.3,2500000,1718902840.0
2026-02-05,3715,定穎投控,157.5,6651607977.75,27000000,8718839487.0
2026-02-05,4958,臻鼎-KY,199.0,4950036861.0,20000000,11526229055.0
2026-02-05,4991,環宇-KY,265.5,897003819.3,3500000,4570594120.0
2026-02-05,6213,聯茂,118.0,1185869812.45,4500000,1670817694.0
2026-02-05,6271,同欣電,157.0,1127322636.5,4500000,1850425960.0
2026-02-05,6770,力積電,65.6,14348854057.95,50000000,14277794346.0
2026-02-06,2406,國碩,32.65,796156843.65,3000000,2296579884.0
2026-02-06,3535,晶彩科,109.0,957784736.8,4000000,1934188203.0
2026-02-06,4991,環宇-KY,292.0,1118411139.85,4500000,4221345132.0
2026-02-06,6706,惠特,127.0,714187010.2,3000000,469884506.0
2026-02-09,3167,大量,229.0,1467698627.2,6000000,3388081221.0
2026-02-09,8271,宇瞻,112.5,1639353750.65,6500000,1296563987.0
2026-02-10,1326,台化,42.95,1606852012.3,6500000,1848377378.0
2026-02-10,2337,旺宏,88.8,14752891653.45,50000000,11079539932.0
2026-02-10,2344,華邦電,107.5,16368033051.8,50000000,16426279024.0
2026-02-10,3149,正達,53.7,1159960924.8,4500000,478891115.0
2026-02-10,3167,大量,251.5,1565623005.6,6500000,2179850089.0
2026-02-10,5289,宜鼎,782.0,2922818973.55,12000000,3935700822.0
2026-02-10,5351,鈺創,57.5,1026972660.4,4000000,309895872.0
2026-02-10,6217,中探針,62.2,1033640286.05,4000000,508267951.0
2026-02-10,8042,金山電,57.4,605843680.15,2500000,129748140.0
2026-02-10,8271,宇瞻,123.5,1360079699.15,5500000,1183442605.0
2026-02-10,8996,,883.0,2799541787.65,11000000,2641679614.0
2026-02-11,2363,矽統,54.4,886971882.15,3500000,1003519314.0
2026-02-11,2455,全新,190.0,2851084673.55,11000000,5396238340.0
2026-02-11,3532,台勝科,151.0,1081775342.4,4500000,1178843091.0
2026-02-23,1802,台玻,47.05,5448488764.8,22000000,4288572692.0
2026-02-23,1815,富喬,96.6,9297496144.85,37000000,7626622112.0
2026-02-23,2337,旺宏,98.5,16255775725.8,50000000,33429663267.0
2026-02-23,4989,榮科,50.2,1206884028.0,5000000,409593537.0
2026-02-23,5475,德宏,163.0,511961953.1,2000000,880534040.0
2026-02-24,1560,中砂,467.5,1166633220.9,4500000,2672328166.0
2026-02-24,1802,台玻,51.7,5587543677.6,22000000,6882041082.0
2026-02-24,1815,富喬,106.0,9430361407.15,38000000,10209686520.0
2026-02-24,2313,華通,205.0,16020678463.15,50000000,12385579384.0
2026-02-24,2327,國巨*,281.5,11691609670.65,47000000,10252428432.0
2026-02-24,2489,瑞軒,29.8,591325616.7,2500000,462444913.0
2026-02-24,2492,華新科,135.5,2460034824.6,10000000,1020284183.0
2026-02-24,3037,欣興,405.5,23391118261.1,50000000,20820021118.0
2026-02-24,3105,穩懋,270.5,6348588502.35,25000000,10173510245.0
2026-02-24,3189,景碩,292.0,12202332576.05,49000000,6720838389.0
2026-02-24,3363,上詮,501.0,2022266721.4,8000000,2756303525.0
2026-02-24,4958,臻鼎-KY,195.5,5828210049.4,23000000,6083987028.0
2026-02-24,4979,華星光,357.5,8884020960.05,36000000,8830600573.0
2026-02-24,4989,榮科,55.2,1087057487.4,4500000,221327104.0
2026-02-24,5475,德宏,179.0,544288504.45,2000000,1036955722.0
2026-02-24,6163,華電網,56.6,580665998.95,2500000,197752293.0
2026-02-24,6217,中探針,70.5,1147942244.65,4500000,1410375227.0
2026-02-24,6244,茂迪,28.05,552518644.3,2000000,1084225359.0
2026-02-24,6451,訊芯-KY,182.5,699338257.4,3000000,497515090.0
2026-02-24,8021,尖點,223.0,2429078772.25,9500000,2547079200.0
2026-02-24,8046,南電,457.5,5591354152.8,22000000,2849133715.0
2026-02-25,1802,台玻,56.8,5521694898.75,22000000,13406012715.0
2026-02-25,2313,華通,225.5,15747807042.0,50000000,24600083939.0
2026-02-25,2337,旺宏,113.5,18753859229.5,50000000,13358597686.0
2026-02-25,2367,燿華,61.2,6946269580.05,28000000,6133959504.0
2026-02-25,2489,瑞軒,32.75,611559646.05,2500000,317183336.0
2026-02-25,2492,華新科,149.0,2392183818.55,9500000,2907998038.0
2026-02-25,3037,欣興,446.0,24051540478.7,50000000,37149068836.0
2026-02-25,3105,穩懋,297.5,6550555200.95,26000000,4443163849.0
2026-02-25,3189,景碩,321.0,12317262400.1,49000000,10609943332.0
2026-02-25,3363,上詮,551.0,2138609727.15,8500000,1980635609.0
2026-02-25,4977,眾達-KY,143.5,1014730669.7,4000000,1571317039.0
2026-02-25,4979,華星光,393.0,9229570313.95,37000000,6272400573.0
2026-02-25,4989,榮科,60.7,946846837.2,4000000,1159127064.0
2026-02-25,5347,世界,137.5,6434979797.4,26000000,6044201826.0
2026-02-25,5475,德宏,196.5,575544993.2,2500000,758064743.0
2026-02-25,6187,萬潤,467.5,754763965.9,3000000,3539210552.0
2026-02-25,6213,聯茂,133.5,1469936839.15,6000000,4368628464.0
2026-02-25,6217,中探針,77.5,1212732352.9,5000000,780380878.0
2026-02-25,6244,茂迪,30.85,592855524.25,2500000,631316498.0
2026-02-25,6451,訊芯-KY,200.5,721681416.0,3000000,1179232978.0
2026-02-25,6706,惠特,125.5,706751179.25,3000000,896135308.0
2026-02-25,6770,力積電,73.7,17005316897.7,50000000,23977646265.0
2026-02-25,8021,尖點,245.0,2323944607.45,9500000,4084976986.0
2026-02-25,8046,南電,503.0,5466517635.65,22000000,7190863813.0
2026-02-25,8358,金居,300.5,2295520907.95,9000000,15497331245.0
2026-02-26,1301,台塑,53.4,2262488247.85,9000000,5521795840.0
2026-02-26,1326,台化,49.2,1895144988.55,7500000,4141724862.0
2026-02-26,2489,瑞軒,36.0,624451554.6,2500000,540685404.0
2026-02-26,3535,晶彩科,116.0,1059439553.8,4000000,835384400.0
2026-02-26,3576,聯合再生,20.1,523377100.0,2000000,749236486.0
2026-02-26,3693,營邦,413.0,689586666.95,3000000,462952740.0
2026-02-26,4977,眾達-KY,157.5,1081398543.8,4500000,1315968941.0
2026-02-26,5475,德宏,216.0,550036654.9,2000000,1778990759.0
2026-02-26,6213,聯茂,146.5,1650682072.15,6500000,5378763265.0
2026-02-26,6217,中探針,85.2,1236972800.5,5000000,255087507.0
2026-02-26,6271,同欣電,189.0,1619361529.1,6500000,3821767417.0
2026-02-26,6830,汎詮,259.5,593395211.6,2500000,731070852.0
2026-02-26,8046,南電,553.0,5389583778.95,22000000,14651156337.0
2026-02-26,8150,南茂,65.0,2648180456.5,11000000,5198967581.0
