日期,代碼,名稱,成交金額
2025-01-02,3694,海華,1315385312.0
2025-01-03,6215,和椿,2510608006.0
2025-01-03,3491,昇達科,2321613433.0
2025-01-03,6191,精成科,5757454964.0
2025-01-06,6781,AES-KY,5179176915.0
2025-01-06,6558,興能高,624263878.0
2025-01-06,4974,亞泰,1002000811.0
2025-01-06,6446,藥華藥,3746700874.0
2025-01-06,6706,惠特,639799414.0
2025-01-07,3363,上詮,6010432111.0
2025-01-07,3491,昇達科,3129181233.0
2025-01-07,6515,穎崴,1569582300.0
2025-01-07,6683,雍智科技,1265079917.0
2025-01-08,4991,環宇-KY,2292227183.0
2025-01-08,3645,達邁,2397614082.0
2025-01-10,3264,欣銓,1231788990.0
2025-01-14,6683,雍智科技,1367909095.0
2025-01-14,3551,世禾,1356084456.0
2025-01-15,3363,上詮,611828744.0
2025-01-15,2543,皇昌,807091581.0
2025-01-16,3450,聯鈞,12170487696.0
2025-01-16,4991,環宇-KY,3305487301.0
2025-01-16,6215,和椿,2002522655.0
2025-01-16,6558,興能高,4187513371.0
2025-01-16,3363,上詮,671530120.0
2025-01-16,6187,萬潤,1761184962.0
2025-01-16,8111,立碁,904178840.0
2025-01-16,3374,精材,5065848105.0
2025-01-16,6706,惠特,558490155.0
2025-01-16,4912,聯德控股-KY,591500554.0
2025-01-17,5392,能率,289269129.0
2025-01-17,3379,彬台,2761478505.0
2025-01-20,6781,AES-KY,3361299410.0
2025-01-20,4931,新盛力,4215128785.0
2025-01-20,6215,和椿,4262707049.0
2025-01-20,6558,興能高,3311056456.0
2025-01-20,3665,貿聯-KY,2725670915.0
2025-01-20,4772,台特化,672425251.0
2025-01-21,4979,華星光,7995266428.0
2025-01-22,4979,華星光,12203856351.0
2025-01-22,3706,神達,10064195568.0
2025-01-22,3264,欣銓,2308828656.0
2025-02-04,3661,世芯-KY,12624330460.0
2025-02-04,8054,,354830870.0
2025-02-05,6215,和椿,2363095784.0
2025-02-05,6223,旺矽,2885608354.0
2025-02-05,3019,亞光,5655553915.0
2025-02-05,4583,台灣精銳,1395965521.0
2025-02-05,6191,精成科,885087830.0
2025-02-05,4576,大銀微系統,2468701747.0
2025-02-05,3376,新日興,4779956981.0
2025-02-05,4974,亞泰,443745911.0
2025-02-05,2472,立隆電,807269329.0
2025-02-05,6438,迅得,773880327.0
2025-02-05,3088,艾訊,828969145.0
2025-02-05,2395,研華,2451622479.0
2025-02-05,4540,全球傳動,320466436.0
2025-02-06,3645,達邁,2500886638.0
2025-02-06,3363,上詮,448819299.0
2025-02-06,1815,富喬,2906662296.0
2025-02-06,3294,英濟,402188196.0
2025-02-06,6742,澤米,414600272.0
2025-02-07,4979,華星光,9539150428.0
2025-02-07,4991,環宇-KY,3957448917.0
2025-02-07,5269,祥碩,4492434635.0
2025-02-07,2059,川湖,2667753145.0
2025-02-07,3029,零壹,5549203416.0
2025-02-07,1815,富喬,8484912618.0
2025-02-07,8234,新漢,1049163259.0
2025-02-10,2027,大成鋼,3406460058.0
2025-02-10,4571,鈞興-KY,763720068.0
2025-02-11,3450,聯鈞,12138148960.0
2025-02-11,6442,光聖,3009489230.0
2025-02-11,8096,擎亞,924303821.0
2025-02-11,8234,新漢,923403040.0
2025-02-12,2543,皇昌,5653883474.0
2025-02-13,8028,昇陽半導體,2475023239.0
2025-02-13,6415,矽力*-KY,2767664700.0
2025-02-13,2408,南亞科,833712950.0
2025-02-13,6706,惠特,526262827.0
2025-02-14,3376,新日興,6922849767.0
2025-02-14,8096,擎亞,437066421.0
2025-02-14,1605,華新,3434788796.0
2025-02-17,3379,彬台,243772812.0
2025-02-17,1536,和大,4858155099.0
2025-02-17,8234,新漢,1858903372.0
2025-02-18,8028,昇陽半導體,6764203197.0
2025-02-18,4772,台特化,1170129720.0
2025-02-18,3379,彬台,267376955.0
2025-02-18,6206,飛捷,1686810280.0
2025-02-18,8096,擎亞,359365863.0
2025-02-18,5371,中光電,2850361798.0
2025-02-18,2250,IKKA-KY,529370514.0
2025-02-19,2408,南亞科,2879770249.0
2025-02-19,6206,飛捷,2195214003.0
2025-02-19,4971,IET-KY,126367481.0
2025-02-19,2468,華經,677942838.0
2025-02-19,6140,訊達,426137355.0
2025-02-19,4916,事欣科,1544581062.0
2025-02-19,6768,,970242008.0
2025-02-20,1519,華城,10568770274.0
2025-02-20,3558,神準,1653863846.0
2025-02-21,3379,彬台,742189396.0
2025-02-21,4916,事欣科,3505003864.0
2025-02-21,4510,高鋒,2030715883.0
2025-02-21,5347,世界,2628787334.0
2025-02-21,4303,信立,1865503301.0
2025-02-21,1569,濱川,2263524958.0
2025-02-21,9802,,1144377113.0
2025-02-24,4931,新盛力,1802609591.0
2025-02-24,2606,裕民,5384912320.0
2025-02-24,4510,高鋒,3650967256.0
2025-02-24,3379,彬台,3554862250.0
2025-02-24,2637,慧洋-KY,2719224353.0
2025-02-24,3059,華晶科,1924259454.0
2025-02-26,2383,台光電,9019631212.0
2025-02-26,1815,富喬,4336364931.0
2025-02-26,3694,海華,840076056.0
2025-03-04,6805,富世達,1302694057.0
2025-03-04,3022,威強電,3694564748.0
2025-03-04,3379,彬台,1797694276.0
2025-03-04,2468,華經,557413611.0
2025-03-05,5314,世紀*,1021605259.0
2025-03-06,6781,AES-KY,3396641567.0
2025-03-06,4763,,9720408500.0
2025-03-06,5439,高技,1039999968.0
2025-03-10,4931,新盛力,4667724585.0
2025-03-10,5314,世紀*,416766450.0
2025-03-11,3563,牧德,2410959513.0
2025-03-12,2344,華邦電,5453229862.0
2025-03-12,2328,,5247214193.0
2025-03-13,8234,新漢,421093241.0
2025-03-13,4971,IET-KY,500276093.0
2025-03-14,2637,慧洋-KY,3452381671.0
2025-03-14,8096,擎亞,1845796817.0
2025-03-17,8096,擎亞,6993914940.0
2025-03-17,2429,銘旺科,537271768.0
2025-03-17,6227,茂綸,2641607063.0
2025-03-17,6117,迎廣,664986963.0
2025-03-18,4931,新盛力,10343614378.0
2025-03-18,4303,信立,2262313810.0
2025-03-18,6558,興能高,1373626729.0
2025-03-18,5314,世紀*,242004160.0
2025-03-18,6227,茂綸,3446363943.0
2025-03-18,2429,銘旺科,654988281.0
2025-03-18,6117,迎廣,2169258859.0
2025-03-18,3323,加百裕,458014164.0
2025-03-19,8111,立碁,4880778866.0
2025-03-20,3163,波若威,5696176053.0
2025-03-20,3022,威強電,1446114434.0
2025-03-20,4303,信立,1862569439.0
2025-03-20,3081,聯亞,229432313.0
2025-03-20,3213,茂訊,887201771.0
2025-03-20,2468,華經,647469516.0
2025-03-20,2429,銘旺科,1403467850.0
2025-03-20,4971,IET-KY,419352299.0
2025-03-20,6148,驊宏資,473252648.0
2025-03-21,3163,波若威,17610823285.0
2025-03-21,2468,華經,1044059708.0
2025-03-21,6148,驊宏資,1058191912.0
2025-03-24,4979,華星光,9552873248.0
2025-03-24,4510,高鋒,1363752569.0
2025-03-24,2468,華經,1267079221.0
2025-03-24,6148,驊宏資,1483263213.0
2025-03-25,4991,環宇-KY,3799062130.0
2025-03-25,4303,信立,3613764169.0
2025-03-25,2468,華經,618548676.0
2025-03-25,6148,驊宏資,2158739440.0
2025-03-28,4541,晟田,2509487073.0
2025-03-28,7402,邑錡,2105793067.0
2025-04-01,2634,漢翔,3091048304.0
2025-04-01,4541,晟田,2767712472.0
2025-04-01,6227,茂綸,117320617.0
2025-04-01,8222,寶一,2891259335.0
2025-04-01,1736,喬山,804474170.0
2025-04-02,6877,鏵友益,270101212.0
2025-04-08,6148,驊宏資,1646018183.0
2025-04-08,5876,上海商銀,1060727087.0
2025-04-10,2330,,17626050080.0
2025-04-10,2317,鴻海,4393658536.0
2025-04-10,2454,聯發科,2651270700.0
2025-04-10,3661,世芯-KY,1449987385.0
2025-04-10,3163,波若威,151845030.0
2025-04-10,2382,廣達,1260012852.0
2025-04-10,2603,長榮,1152029596.0
2025-04-10,4931,新盛力,91311613.0
2025-04-10,4979,華星光,793843144.0
2025-04-10,3450,聯鈞,1043503391.0
2025-04-10,3017,奇鋐,991183403.0
2025-04-10,2308,台達電,1022045204.0
2025-04-10,2357,華碩,1396919795.0
2025-04-10,6669,緯穎,644154400.0
2025-04-10,2408,南亞科,260263895.0
2025-04-10,2345,智邦,258303091.0
2025-04-10,3019,亞光,175293720.0
2025-04-10,2303,聯電,2180766512.0
2025-04-10,2328,,1521129136.0
2025-04-10,4763,,454911345.0
2025-04-10,2891,中信金,1589829249.0
2025-04-10,2383,台光電,211797662.0
2025-04-10,5439,高技,517274486.0
2025-04-10,4303,信立,115554663.0
2025-04-10,2344,華邦電,522073499.0
2025-04-10,2609,陽明,689559640.0
2025-04-10,1519,華城,524410389.0
2025-04-10,3293,鈊象,482251872.0
2025-04-10,3711,日月光投控,521022306.0
2025-04-10,3211,順達,145827387.0
2025-04-10,2634,漢翔,409280307.0
2025-04-10,3008,大立光,1025059860.0
2025-04-10,4991,環宇-KY,735986274.0
2025-04-10,8096,擎亞,136685358.0
2025-04-10,2059,川湖,208268800.0
2025-04-10,3231,緯創,315597691.0
2025-04-10,8299,群聯,463903620.0
2025-04-10,6781,AES-KY,381751812.0
2025-04-10,2027,大成鋼,669115211.0
2025-04-10,2881,富邦金,790062800.0
2025-04-10,4541,晟田,220716853.0
2025-04-10,2618,長榮航,254295475.0
2025-04-10,8222,寶一,189914590.0
2025-04-10,3491,昇達科,267610801.0
2025-04-10,3665,貿聯-KY,498679328.0
2025-04-10,3034,聯詠,667816632.0
2025-04-10,3037,欣興,1225588592.0
2025-04-10,6805,富世達,400757877.0
2025-04-10,3443,創意,452655350.0
2025-04-10,6223,旺矽,250579296.0
2025-04-10,3035,智原,185676550.0
2025-04-10,3529,力旺,309139285.0
2025-04-10,3324,雙鴻,466158804.0
2025-04-10,3481,群創,570481206.0
2025-04-10,2882,國泰金,1100592800.0
2025-04-10,2049,上銀,2114421084.0
2025-04-10,6515,穎崴,662560430.0
2025-04-10,2404,漢唐,1610727148.0
2025-04-10,8111,立碁,188660153.0
2025-04-10,5274,信驊,164019200.0
2025-04-10,2468,華經,23735977.0
2025-04-10,1569,濱川,54586676.0
2025-04-10,2327,國巨*,457955350.0
2025-04-10,1815,富喬,247437314.0
2025-04-10,2379,瑞昱,268406072.0
2025-04-10,2368,金像電,360648750.0
2025-04-10,2449,京元電子,245435884.0
2025-04-10,3653,健策,1471838025.0
2025-04-10,2637,慧洋-KY,660544774.0
2025-04-10,6148,驊宏資,604496294.0
2025-04-10,2883,凱基金,537398674.0
2025-04-10,3533,嘉澤,614734890.0
2025-04-10,5269,祥碩,798473765.0
2025-04-10,2615,萬海,159498490.0
2025-04-10,2543,皇昌,150809826.0
2025-04-10,6558,興能高,26776775.0
2025-04-10,3563,牧德,166659229.0
2025-04-10,2453,凌群,22390262.0
2025-04-10,2301,光寶科,262760685.0
2025-04-10,3081,聯亞,1200692087.0
2025-04-10,6239,力成,317419551.0
2025-04-10,3260,威剛,79969271.0
2025-04-10,8069,元太,666127994.0
2025-04-10,1301,台塑,299112488.0
2025-04-10,1590,亞德客-KY,1436228352.0
2025-04-10,3078,僑威,99983934.0
2025-04-10,8028,昇陽半導體,171787004.0
2025-04-10,6442,光聖,547336006.0
2025-04-10,2885,元大金,469113870.0
2025-04-10,6415,矽力*-KY,1527459569.0
2025-04-10,6446,藥華藥,404344570.0
2025-04-10,2376,技嘉,296670195.0
2025-04-10,2324,仁寶,550734122.0
2025-04-10,6274,台燿,1226815578.0
2025-04-10,3363,上詮,439425912.0
2025-04-10,6472,,313801949.0
2025-04-10,2002,中鋼,311338769.0
2025-04-10,6829,千附精密,66285798.0
2025-04-10,5871,,802075469.0
2025-04-10,2385,群光,289954420.0
2025-04-10,3029,零壹,72765392.0
2025-04-10,4583,台灣精銳,280089376.0
2025-04-10,3706,神達,195942731.0
2025-04-10,1316,上曜,158733880.0
2025-04-10,6488,環球晶,196085251.0
2025-04-10,1513,中興電,166883301.0
2025-04-10,1319,東陽,244764500.0
2025-04-10,6227,茂綸,145691466.0
2025-04-10,2890,永豐金,739087948.0
2025-04-10,6117,迎廣,37601187.0
2025-04-10,2371,大同,183151057.0
2025-04-10,6139,亞翔,103399787.0
2025-04-10,2888,,2583478908.0
2025-04-10,2356,英業達,175549238.0
2025-04-10,2486,一詮,410152831.0
2025-04-10,2377,微星,862669646.0
2025-04-10,6285,啟碁,98090531.0
2025-04-10,3162,精確,36638114.0
2025-04-10,2887,台新新光金,990334099.0
2025-04-10,3227,原相,194678582.0
2025-04-10,4958,臻鼎-KY,133863351.0
2025-04-10,8234,新漢,77203987.0
2025-04-10,2337,旺宏,67369357.0
2025-04-10,3131,弘塑,49613312.0
2025-04-10,7402,邑錡,99163797.0
2025-04-10,6753,龍德造船,36717553.0
2025-04-10,6877,鏵友益,26331100.0
2025-04-10,5347,世界,82985499.0
2025-04-10,6206,飛捷,51064674.0
2025-04-10,3323,加百裕,124431735.0
2025-04-10,2354,鴻準,92384785.0
2025-04-10,2360,致茂,50765678.0
2025-04-10,2359,所羅門,289021723.0
2025-04-10,4510,高鋒,100494227.0
2025-04-10,6757,台灣虎航,276344799.0
2025-04-10,3022,威強電,51833522.0
2025-04-10,4977,眾達-KY,166102163.0
2025-04-10,3013,晟銘電,454616803.0
2025-04-10,2474,可成,169426591.0
2025-04-10,6191,精成科,96216315.0
2025-04-10,1477,聚陽,1388300582.0
2025-04-10,3264,欣銓,40831098.0
2025-04-10,3312,弘憶股,54639936.0
2025-04-10,6140,訊達,20646073.0
2025-04-10,8033,雷虎,42048515.0
2025-04-10,3605,宏致,181664370.0
2025-04-10,2409,友達,150883035.0
2025-04-10,2395,研華,527301920.0
2025-04-10,4749,新應材,47414965.0
2025-04-10,2455,全新,524290470.0
2025-04-10,6215,和椿,78348389.0
2025-04-10,5309,系統電,43433242.0
2025-04-10,4938,和碩,152171357.0
2025-04-10,9958,世紀鋼,291665611.0
2025-04-10,2009,第一銅,71854003.0
2025-04-10,1303,南亞,236545690.0
2025-04-10,6187,萬潤,73229897.0
2025-04-10,4971,IET-KY,9428384.0
2025-04-10,1326,台化,351414119.0
2025-04-10,1605,華新,390903181.0
2025-04-10,6438,迅得,973139595.0
2025-04-10,1785,光洋科,547376542.0
2025-04-10,3032,偉訓,62329575.0
2025-04-10,2610,華航,149190783.0
2025-04-10,1514,亞力,181341280.0
2025-04-10,2421,建準,75780773.0
2025-04-10,5371,中光電,110047085.0
2025-04-10,8155,博智,69136085.0
2025-04-10,3596,智易,77100889.0
2025-04-10,9904,,118592936.0
2025-04-10,5388,中磊,581530452.0
2025-04-10,3105,穩懋,489251219.0
2025-04-10,2353,宏碁,238869177.0
2025-04-10,5483,中美晶,130313353.0
2025-04-10,4772,台特化,32168139.0
2025-04-10,6409,旭隼,173836085.0
2025-04-10,3044,健鼎,86947567.0
2025-04-10,6962,奕力-KY,24210574.0
2025-04-10,3406,玉晶光,101260253.0
2025-04-10,6890,,342529696.0
2025-04-10,3680,家登,291216915.0
2025-04-10,4916,事欣科,34584890.0
2025-04-10,1736,喬山,113463613.0
2025-04-10,3147,大綜,34304633.0
2025-04-10,9945,潤泰新,86643544.0
2025-04-10,1795,美時,114899107.0
2025-04-10,2313,華通,807275300.0
2025-04-10,3023,信邦,307038545.0
2025-04-10,3379,彬台,27916645.0
2025-04-10,3036,文曄,197481726.0
2025-04-10,6176,瑞儀,209632504.0
2025-04-10,2439,美律,91654485.0
2025-04-10,2347,聯強,133175823.0
2025-04-10,3702,大聯大,99328289.0
2025-04-10,2630,亞航,45549788.0
2025-04-10,3056,富華新,109184077.0
2025-04-10,4966,譜瑞-KY,395704364.0
2025-04-10,9921,巨大,40059324.0
2025-04-10,1524,耿鼎,60062936.0
2025-04-10,1584,精剛,36363447.0
2025-04-10,9914,美利達,905162811.0
2025-04-10,6451,訊芯-KY,360094390.0
2025-04-10,3059,華晶科,39627761.0
2025-04-10,1476,儒鴻,1414484316.0
2025-04-10,1609,大亞,140550076.0
2025-04-10,2388,威盛,128989656.0
2025-04-10,8383,千附,32671138.0
2025-04-10,3528,安馳,195506279.0
2025-04-10,3374,精材,262419749.0
2025-04-10,6770,力積電,66006984.0
2025-04-10,6290,良維,49872816.0
2025-04-11,2382,廣達,13336955741.0
2025-04-11,2603,長榮,13647487132.0
2025-04-11,3017,奇鋐,6386557030.0
2025-04-11,2383,台光電,4374696543.0
2025-04-11,2609,陽明,4567733906.0
2025-04-11,3231,緯創,5320285265.0
2025-04-11,2059,川湖,3203036155.0
2025-04-11,2618,長榮航,3192813257.0
2025-04-11,3665,貿聯-KY,3032157278.0
2025-04-11,3529,力旺,2452556350.0
2025-04-11,2468,華經,147913449.0
2025-04-11,2615,萬海,1295067076.0
2025-04-11,6415,矽力*-KY,1727035719.0
2025-04-11,3264,欣銓,800483151.0
2025-04-11,6962,奕力-KY,331680772.0
2025-04-11,3147,大綜,560164270.0
2025-04-14,5269,祥碩,2329394850.0
2025-04-14,6415,矽力*-KY,2334122470.0
2025-04-14,2615,萬海,2252276584.0
2025-04-14,8069,元太,1705523681.0
2025-04-14,2429,銘旺科,101709201.0
2025-04-14,2455,全新,1063311942.0
2025-04-14,9958,世紀鋼,803665589.0
2025-04-14,3147,大綜,595462081.0
2025-04-15,3163,波若威,3725174702.0
2025-04-15,4979,華星光,2130311190.0
2025-04-15,3450,聯鈞,4175480252.0
2025-04-15,4931,新盛力,705590394.0
2025-04-15,8096,擎亞,1225194253.0
2025-04-15,4991,環宇-KY,1237678458.0
2025-04-15,8111,立碁,352525499.0
2025-04-15,6148,驊宏資,2517817578.0
2025-04-15,6515,穎崴,948337649.0
2025-04-15,3081,聯亞,1367418933.0
2025-04-15,2468,華經,233953177.0
2025-04-15,6442,光聖,866884845.0
2025-04-15,6558,興能高,698164884.0
2025-04-15,6285,啟碁,684336933.0
2025-04-15,1536,和大,452369420.0
2025-04-15,6227,茂綸,290981222.0
2025-04-15,3323,加百裕,111886162.0
2025-04-15,6438,迅得,744042327.0
2025-04-15,6140,訊達,22803873.0
2025-04-15,4977,眾達-KY,317935944.0
2025-04-15,5388,中磊,479398251.0
2025-04-15,6104,創惟,421900588.0
2025-04-15,6877,鏵友益,122043162.0
2025-04-15,4971,IET-KY,184303947.0
2025-04-15,8155,博智,268354775.0
2025-04-15,6215,和椿,382675603.0
2025-04-15,6890,,382275177.0
2025-04-15,4916,事欣科,230919301.0
2025-04-15,1524,耿鼎,209504150.0
2025-04-16,4541,晟田,1526510138.0
2025-04-16,8222,寶一,1155010950.0
2025-04-16,6148,驊宏資,2194678808.0
2025-04-16,6829,千附精密,1047236210.0
2025-04-16,7402,邑錡,460502969.0
2025-04-16,6140,訊達,82459507.0
2025-04-16,3434,哲固,49815034.0
2025-04-17,6415,矽力*-KY,2466637790.0
2025-04-17,6140,訊達,726588780.0
2025-04-18,2408,南亞科,3853706829.0
2025-04-18,6148,驊宏資,5003374371.0
2025-04-18,6215,和椿,1242905487.0
2025-04-21,2408,南亞科,7784273442.0
2025-04-23,6148,驊宏資,561360370.0
2025-04-23,5439,高技,862233358.0
2025-04-23,2468,華經,865661943.0
2025-04-23,6223,旺矽,952846221.0
2025-04-23,3529,力旺,1253559750.0
2025-04-23,3081,聯亞,548910169.0
2025-04-23,5269,祥碩,1993612835.0
2025-04-23,6515,穎崴,952105291.0
2025-04-23,3147,大綜,2805098733.0
2025-04-23,8028,昇陽半導體,1378025685.0
2025-04-23,6438,迅得,380484598.0
2025-04-23,3563,牧德,355470389.0
2025-04-23,6187,萬潤,407075700.0
2025-04-23,6104,創惟,533055686.0
2025-04-23,4916,事欣科,549175287.0
2025-04-23,4968,立積,510370577.0
2025-04-23,4949,有成精密,226934679.0
2025-04-23,8072,陞泰,272158369.0
2025-04-23,5202,力新,47972366.0
2025-04-24,2468,華經,2387056191.0
2025-04-24,3147,大綜,1937674590.0
2025-04-24,3131,弘塑,859905231.0
2025-04-24,8072,陞泰,375052979.0
2025-04-24,4949,有成精密,1367441517.0
2025-04-24,5202,力新,199586503.0
2025-04-25,2383,台光電,4480864817.0
2025-04-25,3529,力旺,2382492390.0
2025-04-25,3653,健策,1665781717.0
2025-04-25,6805,富世達,1499296721.0
2025-04-25,3147,大綜,448632808.0
2025-04-25,6104,創惟,1409603915.0
2025-04-25,3434,哲固,204939921.0
2025-04-25,4949,有成精密,468493900.0
2025-04-25,8072,陞泰,1808252337.0
2025-04-25,3528,安馳,1351276371.0
2025-04-25,5202,力新,295254024.0
2025-04-28,6148,驊宏資,3608197588.0
2025-04-28,2468,華經,2111062941.0
2025-04-28,3528,安馳,1761823170.0
2025-04-28,3105,穩懋,756842410.0
2025-04-28,3363,上詮,901684859.0
2025-04-29,4931,新盛力,3018280056.0
2025-04-29,8096,擎亞,1249282290.0
2025-04-29,2049,上銀,2210330785.0
2025-04-29,4583,台灣精銳,1099140125.0
2025-04-29,6215,和椿,1375979267.0
2025-04-29,8072,陞泰,948848403.0
2025-04-29,4949,有成精密,1118006766.0
2025-04-29,6558,興能高,1082120534.0
2025-04-29,2359,所羅門,1378288509.0
2025-04-29,1560,中砂,1285788490.0
2025-04-29,5251,天鉞電,801766250.0
2025-04-30,6215,和椿,2070364703.0
2025-04-30,4510,高鋒,1280435363.0
2025-05-02,2383,台光電,5600479978.0
2025-05-02,4931,新盛力,5968387329.0
2025-05-02,3665,貿聯-KY,2927273093.0
2025-05-02,4303,信立,2129015978.0
2025-05-02,1815,富喬,1610001622.0
2025-05-02,6558,興能高,2861986405.0
2025-05-02,2360,致茂,1196334326.0
2025-05-02,5314,世紀*,133862778.0
2025-05-02,2606,裕民,714377512.0
2025-05-02,1316,上曜,330173023.0
2025-05-02,1514,亞力,474181952.0
2025-05-05,6757,台灣虎航,1579150106.0
2025-05-06,8222,寶一,3713057053.0
2025-05-06,5274,信驊,4670421195.0
2025-05-06,4541,晟田,1377796139.0
2025-05-06,8072,陞泰,502209183.0
2025-05-06,1560,中砂,1764378915.0
2025-05-06,6757,台灣虎航,4348206007.0
2025-05-06,5251,天鉞電,357422762.0
2025-05-06,5201,凱衛,1112388407.0
2025-05-06,8088,品安,168854760.0
2025-05-09,3450,聯鈞,7369798043.0
2025-05-09,4979,華星光,7295822809.0
2025-05-09,6442,光聖,4785696362.0
2025-05-09,6757,台灣虎航,2974886406.0
2025-05-09,3081,聯亞,1961617982.0
2025-05-09,6227,茂綸,244619500.0
2025-05-12,3661,世芯-KY,6547709825.0
2025-05-12,6215,和椿,1862160285.0
2025-05-12,3563,牧德,941472813.0
2025-05-12,5314,世紀*,866597779.0
2025-05-12,6227,茂綸,1481576680.0
2025-05-13,2408,南亞科,5857822771.0
2025-05-13,8069,元太,3958812693.0
2025-05-13,4576,大銀微系統,1387720663.0
2025-05-13,8088,品安,407584280.0
2025-05-14,2408,南亞科,11203078168.0
2025-05-14,4991,環宇-KY,2528191670.0
2025-05-14,2449,京元電子,3872271516.0
2025-05-14,3013,晟銘電,1891548309.0
2025-05-14,2543,皇昌,1786594716.0
2025-05-14,4749,新應材,1039700695.0
2025-05-14,8464,億豐,1533260186.0
2025-05-15,6140,訊達,788563960.0
2025-05-15,2404,漢唐,2957426854.0
2025-05-16,2615,萬海,15802522850.0
2025-05-16,3131,弘塑,2360226845.0
2025-05-16,1503,士電,3238062687.0
2025-05-19,4949,有成精密,788633047.0
2025-05-19,6869,雲豹能源,2216565137.0
2025-05-20,3661,世芯-KY,6779522785.0
2025-05-20,6140,訊達,1109593642.0
2025-05-20,8072,陞泰,358469922.0
2025-05-20,4949,有成精密,4155563250.0
2025-05-20,5251,天鉞電,590278513.0
2025-05-20,3434,哲固,668518910.0
2025-05-21,5439,高技,3908182872.0
2025-05-21,2368,金像電,6017472911.0
2025-05-22,2615,萬海,13048866241.0
2025-05-22,6191,精成科,3630954443.0
2025-05-23,4949,有成精密,1912837209.0
2025-05-26,6781,AES-KY,2361742489.0
2025-05-26,6515,穎崴,3963122305.0
2025-05-26,3379,彬台,719561960.0
2025-05-26,6213,聯茂,2673823160.0
2025-05-26,4562,穎漢,256067777.0
2025-05-27,3004,豐達科,1657138398.0
2025-05-29,6890,,1072455586.0
2025-06-02,8222,寶一,1474806101.0
2025-06-03,5251,天鉞電,1050681626.0
2025-06-03,8072,陞泰,1137865388.0
2025-06-04,4763,,5359422772.0
2025-06-04,3379,彬台,799600592.0
2025-06-04,9958,世紀鋼,2675683336.0
2025-06-04,4562,穎漢,218116411.0
2025-06-04,3167,大量,1217862095.0
2025-06-06,3167,大量,1083851440.0
2025-06-09,6274,台燿,7414226949.0
2025-06-09,3167,大量,5826800815.0
2025-06-09,2429,銘旺科,1327449485.0
2025-06-10,3013,晟銘電,2106442308.0
2025-06-10,3081,聯亞,1610682954.0
2025-06-10,8996,,1282049063.0
2025-06-10,2374,佳能,1721020819.0
2025-06-10,5443,均豪,864765104.0
2025-06-10,2429,銘旺科,3592288025.0
2025-06-10,6658,聯策,594986664.0
2025-06-11,4979,華星光,8710896596.0
2025-06-11,6805,富世達,5838449848.0
2025-06-11,4949,有成精密,856814599.0
2025-06-11,3081,聯亞,3193153581.0
2025-06-11,6290,良維,2587024843.0
2025-06-11,4991,環宇-KY,1158080945.0
2025-06-12,3324,雙鴻,5086613377.0
2025-06-12,4931,新盛力,1523845932.0
2025-06-12,2468,華經,1782135234.0
2025-06-12,6148,驊宏資,1388626093.0
2025-06-12,6140,訊達,544682465.0
2025-06-12,8054,,1182532065.0
2025-06-12,6890,,1033751484.0
2025-06-16,3450,聯鈞,6223712507.0
2025-06-16,8210,勤誠,2614729830.0
2025-06-16,4991,環宇-KY,3879505686.0
2025-06-16,1616,億泰,636209172.0
2025-06-17,4949,有成精密,873736478.0
2025-06-17,5251,天鉞電,2887368066.0
2025-06-17,3147,大綜,1217107868.0
2025-06-17,6412,群電,489706945.0
2025-06-17,1616,億泰,525349130.0
2025-06-17,3297,杭特,916165926.0
2025-06-18,2408,南亞科,10551568386.0
2025-06-18,3013,晟銘電,5818350299.0
2025-06-18,8210,勤誠,4565054043.0
2025-06-18,3376,新日興,4462581121.0
2025-06-18,3294,英濟,787685184.0
2025-06-19,3376,新日興,9580891771.0
2025-06-20,6139,亞翔,8740710204.0
2025-06-20,5251,天鉞電,2516210026.0
2025-06-20,3297,杭特,347326569.0
2025-06-23,3037,欣興,6535969551.0
2025-06-23,6139,亞翔,9557679191.0
2025-06-23,5443,均豪,2126457804.0
2025-06-23,6640,均華,1511644151.0
2025-06-24,2357,華碩,8129846720.0
2025-06-24,4991,環宇-KY,2197650379.0
2025-06-24,1560,中砂,3143469705.0
2025-06-24,3363,上詮,3218874981.0
2025-06-24,8054,,1665018857.0
2025-06-24,8072,陞泰,706261725.0
2025-06-24,2328,,2070763987.0
2025-06-24,4510,高鋒,629438297.0
2025-06-25,4931,新盛力,3732069572.0
2025-06-25,3443,創意,5664825560.0
2025-06-25,3211,順達,8290251958.0
2025-06-25,8054,,2812570845.0
2025-06-26,4931,新盛力,1659947822.0
2025-06-26,2360,致茂,3620615146.0
2025-06-26,3036,文曄,5460307036.0
2025-06-26,3297,杭特,424729539.0
2025-06-27,6191,精成科,5424839935.0
2025-06-27,3491,昇達科,2342710624.0
2025-06-27,3374,精材,4707801838.0
2025-06-27,3297,杭特,1684201545.0
2025-06-27,3128,昇銳,527732186.0
2025-06-30,3128,昇銳,929521425.0
2025-06-30,3535,晶彩科,1677657090.0
2025-06-30,3515,華擎,496139746.0
2025-07-01,4991,環宇-KY,2187009676.0
2025-07-01,4931,新盛力,2432631084.0
2025-07-01,3297,杭特,790999676.0
2025-07-01,6117,迎廣,1005337055.0
2025-07-01,3515,華擎,2721737444.0
2025-07-02,3167,大量,2063474524.0
2025-07-02,8932,,2021175914.0
2025-07-02,9904,,3202879391.0
2025-07-03,3297,杭特,3245604523.0
2025-07-04,4991,環宇-KY,7830238757.0
2025-07-07,3128,昇銳,1581048672.0
2025-07-07,4971,IET-KY,1202532145.0
2025-07-07,2889,國票金,1114590026.0
2025-07-08,2889,國票金,1879535528.0
2025-07-09,3081,聯亞,1903321404.0
2025-07-09,6640,均華,1684365469.0
2025-07-09,8046,南電,3601944109.0
2025-07-09,4971,IET-KY,1785038147.0
2025-07-09,6206,飛捷,1116184195.0
2025-07-10,4991,環宇-KY,8625856805.0
2025-07-10,3167,大量,4277471901.0
2025-07-10,6944,,1697546179.0
2025-07-11,3535,晶彩科,771953473.0
2025-07-11,6667,信紘科,1143198398.0
2025-07-11,6290,良維,2727903416.0
2025-07-11,5314,世紀*,2347821910.0
2025-07-11,6196,帆宣,1734860313.0
2025-07-14,5314,世紀*,5420602637.0
2025-07-15,3037,欣興,12329661568.0
2025-07-15,1815,富喬,6317009920.0
2025-07-15,6781,AES-KY,1929237780.0
2025-07-15,8046,南電,3855138568.0
2025-07-15,2455,全新,2790145742.0
2025-07-15,3189,景碩,5307064355.0
2025-07-16,8046,南電,14643393102.0
2025-07-16,6739,竹陞科技,465661284.0
2025-07-17,8358,金居,6352916885.0
2025-07-17,6488,環球晶,2879712955.0
2025-07-17,5483,中美晶,2824838037.0
2025-07-18,3376,新日興,5159931060.0
2025-07-18,6442,光聖,2572399947.0
2025-07-18,6739,竹陞科技,781607520.0
2025-07-18,6215,和椿,938099080.0
2025-07-21,6442,光聖,6456230288.0
2025-07-21,3044,健鼎,3098590531.0
2025-07-21,6462,神盾,2170333578.0
2025-07-21,5284,jpp-KY,1002886774.0
2025-07-21,4551,智伸科,450892778.0
2025-07-22,6191,精成科,7270240014.0
2025-07-23,3032,偉訓,1552711226.0
2025-07-23,2316,楠梓電,1942168044.0
2025-07-23,1303,南亞,1400856839.0
2025-07-23,3708,上緯投控,305125461.0
2025-07-23,1802,台玻,1783848066.0
2025-07-24,5439,高技,3978951643.0
2025-07-24,1802,台玻,3266057410.0
2025-07-25,6515,穎崴,2888420465.0
2025-07-25,2455,全新,4975552758.0
2025-07-25,8033,雷虎,4388811705.0
2025-07-28,8358,金居,5391505799.0
2025-07-28,6781,AES-KY,4103847290.0
2025-07-28,8021,尖點,2578213361.0
2025-07-28,1303,南亞,5635030477.0
2025-07-29,6781,AES-KY,6110978785.0
2025-07-29,8033,雷虎,4695701674.0
2025-07-30,8033,雷虎,10896337893.0
2025-07-30,1301,台塑,2676362648.0
2025-07-30,8234,新漢,2462570851.0
2025-07-30,5371,中光電,3192365771.0
2025-07-30,3543,州巧,387551083.0
2025-07-30,2429,銘旺科,2242867485.0
2025-07-31,1815,富喬,11000083363.0
2025-07-31,2383,台光電,6397747340.0
2025-07-31,8021,尖點,2894896326.0
2025-07-31,3081,聯亞,2877674731.0
2025-07-31,1802,台玻,4012028722.0
2025-07-31,6531,愛普*,3156102593.0
2025-08-01,3167,大量,7506489560.0
2025-08-01,2360,致茂,2357967020.0
2025-08-01,4916,事欣科,2873963559.0
2025-08-01,8028,昇陽半導體,1961616071.0
2025-08-01,3515,華擎,1057244007.0
2025-08-01,3645,達邁,1737405286.0
2025-08-04,3019,亞光,7775965305.0
2025-08-04,8028,昇陽半導體,5718283417.0
2025-08-05,2301,光寶科,7813446556.0
2025-08-05,2374,佳能,2562482448.0
2025-08-05,2645,長榮航太,3098571177.0
2025-08-06,4931,新盛力,5340368272.0
2025-08-06,3715,定穎投控,4745572921.0
2025-08-06,4991,環宇-KY,4330944428.0
2025-08-06,6223,旺矽,3787827595.0
2025-08-06,2645,長榮航太,5221437637.0
2025-08-06,6510,精測,2110896486.0
2025-08-07,4931,新盛力,10226147306.0
2025-08-07,6781,AES-KY,3802940455.0
2025-08-07,8021,尖點,3920832309.0
2025-08-07,2404,漢唐,2253774341.0
2025-08-07,3653,健策,3530060535.0
2025-08-07,4971,IET-KY,1761315830.0
2025-08-07,6488,環球晶,1477312875.0
2025-08-07,6667,信紘科,1472025370.0
2025-08-07,5536,聖暉*,723173924.0
2025-08-07,6196,帆宣,933552413.0
2025-08-07,6640,均華,617923399.0
2025-08-07,3583,辛耘,2549704942.0
2025-08-07,5443,均豪,1009979703.0
2025-08-07,4968,立積,1650137313.0
2025-08-08,8358,金居,4958812609.0
2025-08-08,2368,金像電,7400928057.0
2025-08-08,2449,京元電子,13032622745.0
2025-08-08,6215,和椿,4582307449.0
2025-08-08,2374,佳能,5592489372.0
2025-08-08,8210,勤誠,3658642950.0
2025-08-11,1815,富喬,9132233593.0
2025-08-11,6669,緯穎,10218520655.0
2025-08-11,6213,聯茂,2828526202.0
2025-08-11,4958,臻鼎-KY,4510854729.0
2025-08-11,8996,,4275109512.0
2025-08-11,2354,鴻準,6828984560.0
2025-08-11,2645,長榮航太,3428817648.0
2025-08-11,2630,亞航,918432544.0
2025-08-11,3689,湧德,2024123059.0
2025-08-11,3297,杭特,246137334.0
2025-08-12,1815,富喬,19253342862.0
2025-08-12,1802,台玻,7205188581.0
2025-08-12,3163,波若威,2779292550.0
2025-08-12,2630,亞航,3194731038.0
2025-08-12,3605,宏致,997364242.0
2025-08-12,5498,凱崴,1463222473.0
2025-08-12,5340,建榮,911737294.0
2025-08-12,4977,眾達-KY,1302031141.0
2025-08-13,4931,新盛力,5818086837.0
2025-08-13,1802,台玻,7652298864.0
2025-08-13,6215,和椿,3317077601.0
2025-08-13,3019,亞光,14299334684.0
2025-08-13,8234,新漢,3245244347.0
2025-08-13,3305,昇貿,841479472.0
2025-08-13,5498,凱崴,2043638773.0
2025-08-13,4526,東台,1250555377.0
2025-08-13,4977,眾達-KY,1506764698.0
2025-08-13,3227,原相,2576476190.0
2025-08-14,8358,金居,4346805799.0
2025-08-14,4979,華星光,11556398777.0
2025-08-14,3363,上詮,5076051818.0
2025-08-14,6515,穎崴,3251596595.0
2025-08-14,3163,波若威,7615631812.0
2025-08-14,3305,昇貿,4147219911.0
2025-08-14,6510,精測,2086351576.0
2025-08-14,2402,毅嘉,3120749213.0
2025-08-14,5234,達興材料,524932647.0
2025-08-14,2367,燿華,1722003843.0
2025-08-14,8155,博智,1263896443.0
2025-08-14,5475,德宏,955078038.0
2025-08-15,3706,神達,18530226005.0
2025-08-15,8358,金居,10264951487.0
2025-08-15,1802,台玻,7770317809.0
2025-08-15,6442,光聖,6576555734.0
2025-08-15,6213,聯茂,8381825530.0
2025-08-15,3211,順達,3278559233.0
2025-08-15,4916,事欣科,1805085962.0
2025-08-15,5536,聖暉*,1217487167.0
2025-08-15,2498,宏達電,1159497853.0
2025-08-15,5234,達興材料,2251946077.0
2025-08-15,2233,宇隆,1393912808.0
2025-08-18,8358,金居,10629417236.0
2025-08-18,6274,台燿,10037092439.0
2025-08-18,3715,定穎投控,3739739925.0
2025-08-18,1802,台玻,7523226114.0
2025-08-18,8021,尖點,969511191.0
2025-08-18,6213,聯茂,1630771319.0
2025-08-18,5371,中光電,1677873321.0
2025-08-18,5439,高技,3757059235.0
2025-08-18,8033,雷虎,489267749.0
2025-08-18,3653,健策,3854470470.0
2025-08-18,6919,康霈*,4251372449.0
2025-08-18,4916,事欣科,4402525912.0
2025-08-18,2316,楠梓電,2794120533.0
2025-08-18,3305,昇貿,2509002902.0
2025-08-18,3081,聯亞,4435951110.0
2025-08-18,5498,凱崴,986243019.0
2025-08-18,5536,聖暉*,1058179007.0
2025-08-18,2498,宏達電,994795560.0
2025-08-18,1717,長興,4634710469.0
2025-08-18,3694,海華,809313939.0
2025-08-18,4722,國精化,989946324.0
2025-08-18,3105,穩懋,1857687543.0
2025-08-19,6919,康霈*,5851784442.0
2025-08-19,3305,昇貿,5390438182.0
2025-08-19,4772,台特化,3225514599.0
2025-08-19,2498,宏達電,6413205171.0
2025-08-19,4722,國精化,814934154.0
2025-08-20,2316,楠梓電,5435210561.0
2025-08-20,4722,國精化,2325872930.0
2025-08-21,8358,金居,3036319459.0
2025-08-21,3167,大量,6158766761.0
2025-08-21,4931,新盛力,3926612181.0
2025-08-21,3211,順達,1818733434.0
2025-08-21,1504,東元,3674410410.0
2025-08-21,2498,宏達電,5093654142.0
2025-08-21,2328,,2957723988.0
2025-08-21,5498,凱崴,980414862.0
2025-08-21,1326,台化,1669562175.0
2025-08-21,3059,華晶科,2834696377.0
2025-08-21,3708,上緯投控,972467509.0
2025-08-21,6739,竹陞科技,342632325.0
2025-08-21,2467,志聖,826716841.0
2025-08-22,3708,上緯投控,3272817055.0
2025-08-22,3535,晶彩科,1020805780.0
2025-08-22,6739,竹陞科技,821909397.0
2025-08-22,5284,jpp-KY,1947989135.0
2025-08-25,8358,金居,2414063422.0
2025-08-25,5371,中光電,6277930691.0
2025-08-25,6442,光聖,3926248939.0
2025-08-25,6805,富世達,3415271815.0
2025-08-25,3653,健策,3682303560.0
2025-08-25,8033,雷虎,3200633135.0
2025-08-25,1504,東元,9599425506.0
2025-08-25,3305,昇貿,3361000185.0
2025-08-25,3450,聯鈞,2407503076.0
2025-08-25,8234,新漢,522949656.0
2025-08-25,2328,,3434661907.0
2025-08-25,3376,新日興,2753979597.0
2025-08-25,4749,新應材,4961900588.0
2025-08-25,3059,華晶科,2538119021.0
2025-08-25,3032,偉訓,549455543.0
2025-08-25,2359,所羅門,1019797930.0
2025-08-25,4722,國精化,565043841.0
2025-08-25,6438,迅得,1080317083.0
2025-08-25,2233,宇隆,1462378417.0
2025-08-25,3535,晶彩科,3460711184.0
2025-08-25,5284,jpp-KY,888056365.0
2025-08-25,2365,昆盈,549464589.0
2025-08-25,6944,,863780239.0
2025-08-25,8249,菱光,902039161.0
2025-08-25,7402,邑錡,634018855.0
2025-08-26,3653,健策,7447011995.0
2025-08-26,8033,雷虎,2009470273.0
2025-08-26,2359,所羅門,8682763131.0
2025-08-26,4722,國精化,405417601.0
2025-08-26,3563,牧德,1993840472.0
2025-08-26,3297,杭特,790959544.0
2025-08-26,2365,昆盈,3349232983.0
2025-08-26,6584,南俊國際,753226487.0
2025-08-26,1727,中華化,457615068.0
2025-08-26,7402,邑錡,1502100448.0
2025-08-26,6683,雍智科技,1508285121.0
2025-08-27,6274,台燿,8195886517.0
2025-08-27,3163,波若威,6776637925.0
2025-08-27,8046,南電,5849906881.0
2025-08-27,2316,楠梓電,3154488978.0
2025-08-27,2498,宏達電,6465118011.0
2025-08-27,6191,精成科,4256457649.0
2025-08-27,3305,昇貿,1202184559.0
2025-08-27,8033,雷虎,7156145239.0
2025-08-27,6515,穎崴,2785316990.0
2025-08-27,2634,漢翔,3897103159.0
2025-08-27,5536,聖暉*,1854492683.0
2025-08-27,5498,凱崴,443920983.0
2025-08-27,5234,達興材料,1049440722.0
2025-08-27,2395,研華,2511916749.0
2025-08-27,3491,昇達科,2714323192.0
2025-08-27,2467,志聖,2005947505.0
2025-08-27,5469,瀚宇博,1008528385.0
2025-08-27,6584,南俊國際,1210826676.0
2025-08-27,2228,劍麟,259817734.0
2025-08-27,4583,台灣精銳,1737130000.0
2025-08-28,8046,南電,13292425127.0
2025-08-28,6191,精成科,5688759245.0
2025-08-28,4772,台特化,4497284568.0
2025-08-28,2634,漢翔,6616390538.0
2025-08-28,1536,和大,927298023.0
2025-08-28,7402,邑錡,1267416061.0
2025-08-28,2429,銘旺科,204255377.0
2025-08-28,4541,晟田,1665650729.0
2025-08-28,2406,國碩,233705455.0
2025-08-29,2449,京元電子,3163199080.0
2025-08-29,3665,貿聯-KY,7315462245.0
2025-08-29,3653,健策,4370063725.0
2025-08-29,6191,精成科,12455683233.0
2025-08-29,6515,穎崴,4262642175.0
2025-08-29,6510,精測,1734268790.0
2025-08-29,3708,上緯投控,932177372.0
2025-08-29,4977,眾達-KY,1304964956.0
2025-08-29,4971,IET-KY,831581294.0
2025-08-29,6667,信紘科,1911897643.0
2025-08-29,5469,瀚宇博,2057247852.0
2025-08-29,6753,龍德造船,1560287650.0
2025-08-29,2493,揚博,813725826.0
2025-08-29,4541,晟田,2483923279.0
2025-08-29,2228,劍麟,827698516.0
2025-09-01,6515,穎崴,6571884745.0
2025-09-01,3529,力旺,4469618375.0
2025-09-01,5536,聖暉*,5704977273.0
2025-09-01,3294,英濟,2273792374.0
2025-09-02,8358,金居,19031061624.0
2025-09-02,6919,康霈*,7907968782.0
2025-09-02,4743,合一,1005197245.0
2025-09-03,5371,中光電,9082772338.0
2025-09-03,6919,康霈*,13801695682.0
2025-09-03,2634,漢翔,9894567323.0
2025-09-03,8028,昇陽半導體,5066519000.0
2025-09-03,8033,雷虎,679437035.0
2025-09-03,5314,世紀*,2563179138.0
2025-09-03,2630,亞航,536372097.0
2025-09-03,3491,昇達科,4049931363.0
2025-09-03,4968,立積,1156163610.0
2025-09-03,4541,晟田,1367989743.0
2025-09-03,7402,邑錡,193907324.0
2025-09-03,6761,穩得,1151001371.0
2025-09-03,3416,融程電,821710485.0
2025-09-04,3665,貿聯-KY,8634315525.0
2025-09-04,3653,健策,5944035130.0
2025-09-04,5314,世紀*,3189368230.0
2025-09-04,6753,龍德造船,3142517844.0
2025-09-04,1605,華新,1035190583.0
2025-09-04,7402,邑錡,674403199.0
2025-09-04,4303,信立,1161067635.0
2025-09-04,2353,宏碁,954620956.0
2025-09-04,8039,台虹,2021220400.0
2025-09-04,3707,漢磊,1533688184.0
2025-09-05,8358,金居,14658839527.0
2025-09-05,3211,順達,5204715470.0
2025-09-05,6781,AES-KY,2605717065.0
2025-09-05,6223,旺矽,4585991950.0
2025-09-05,2408,南亞科,8401615241.0
2025-09-05,6515,穎崴,708405555.0
2025-09-05,5309,系統電,2699794482.0
2025-09-05,5314,世紀*,6273772403.0
2025-09-05,3059,華晶科,3249806109.0
2025-09-05,2344,華邦電,4992131427.0
2025-09-05,6510,精測,1746346520.0
2025-09-05,5234,達興材料,1415943069.0
2025-09-05,8299,群聯,3172952366.0
2025-09-05,6789,采鈺,2945710738.0
2025-09-05,3535,晶彩科,648099815.0
2025-09-05,7402,邑錡,584234148.0
2025-09-05,3323,加百裕,942449024.0
2025-09-08,3711,日月光投控,7624959530.0
2025-09-08,5314,世紀*,7308699726.0
2025-09-08,4977,眾達-KY,4009715015.0
2025-09-08,3605,宏致,1998401783.0
2025-09-08,8021,尖點,436482979.0
2025-09-08,7402,邑錡,383927211.0
2025-09-08,3707,漢磊,1853086049.0
2025-09-08,6739,竹陞科技,755382097.0
2025-09-08,5443,均豪,2205535091.0
2025-09-09,8358,金居,17399594488.0
2025-09-09,1815,富喬,3112483463.0
2025-09-09,1504,東元,13728799063.0
2025-09-09,5309,系統電,5162771073.0
2025-09-09,8021,尖點,6307083562.0
2025-09-09,5498,凱崴,240531500.0
2025-09-09,5289,宜鼎,2341362276.0
2025-09-09,5475,德宏,601275988.0
2025-09-10,5371,中光電,5970462746.0
2025-09-10,6669,緯穎,9813313715.0
2025-09-10,3715,定穎投控,4926181951.0
2025-09-10,1504,東元,7714987003.0
2025-09-10,2374,佳能,6065229523.0
2025-09-10,2301,光寶科,3198565328.0
2025-09-10,2328,,4372891055.0
2025-09-10,6753,龍德造船,1889408109.0
2025-09-10,8299,群聯,6555701935.0
2025-09-10,4722,國精化,654222525.0
2025-09-10,3297,杭特,236804751.0
2025-09-10,3323,加百裕,1830878500.0
2025-09-10,2208,台船,1467104732.0
2025-09-10,2231,為升,912694712.0
2025-09-10,5475,德宏,929610765.0
2025-09-11,3305,昇貿,3462849176.0
2025-09-11,3323,加百裕,2834908997.0
2025-09-12,3707,漢磊,1703059292.0
2025-09-12,2228,劍麟,469106807.0
2025-09-12,5392,能率,1040015482.0
2025-09-12,6239,力成,3470941604.0
2025-09-15,2408,南亞科,15523049646.0
2025-09-15,3707,漢磊,3081373053.0
2025-09-15,8088,品安,963988210.0
2025-09-16,8046,南電,3410787352.0
2025-09-16,2374,佳能,6790573965.0
2025-09-16,8021,尖點,1877911781.0
2025-09-16,6488,環球晶,8098862968.0
2025-09-16,6449,鈺邦,959625073.0
2025-09-16,4722,國精化,721520288.0
2025-09-16,6739,竹陞科技,975033426.0
2025-09-17,3707,漢磊,3570622539.0
2025-09-17,6770,力積電,3267932783.0
2025-09-17,2329,華泰,807695423.0
2025-09-18,2344,華邦電,14081142879.0
2025-09-18,3324,雙鴻,15003439561.0
2025-09-18,6488,環球晶,10616594813.0
2025-09-18,6515,穎崴,2675694605.0
2025-09-18,3535,晶彩科,1431819362.0
2025-09-18,5469,瀚宇博,2086745844.0
2025-09-18,6770,力積電,7110942517.0
2025-09-18,2337,旺宏,2981433724.0
2025-09-18,2363,矽統,1918926318.0
2025-09-19,8046,南電,9998913047.0
2025-09-19,3450,聯鈞,6183209171.0
2025-09-19,5469,瀚宇博,3331118773.0
2025-09-19,4991,環宇-KY,3787422260.0
2025-09-19,4722,國精化,1884369252.0
2025-09-19,3035,智原,3044761416.0
2025-09-22,5371,中光電,4550039701.0
2025-09-22,2301,光寶科,11859034478.0
2025-09-22,5314,世紀*,1049161531.0
2025-09-22,3260,威剛,4094915708.0
2025-09-22,3131,弘塑,4236786285.0
2025-09-22,6510,精測,1687773890.0
2025-09-22,5469,瀚宇博,3057307636.0
2025-09-22,6449,鈺邦,1968667197.0
2025-09-22,3006,晶豪科,1258789236.0
2025-09-22,4722,國精化,1771949834.0
2025-09-22,2231,為升,478667735.0
2025-09-22,2630,亞航,549133979.0
2025-09-22,6584,南俊國際,409590096.0
2025-09-23,1504,東元,11529738022.0
2025-09-23,5314,世紀*,1264445530.0
2025-09-23,6770,力積電,5992042796.0
2025-09-23,5392,能率,1707054620.0
2025-09-23,6739,竹陞科技,1086409097.0
2025-09-23,6640,均華,980175370.0
2025-09-23,3048,益登,829099155.0
2025-09-24,2324,仁寶,4367624227.0
2025-09-24,3583,辛耘,5061101621.0
2025-09-24,3708,上緯投控,1314414514.0
2025-09-24,3016,嘉晶,706087398.0
2025-09-24,2492,華新科,3895933937.0
2025-09-24,2375,凱美,1625766350.0
2025-09-25,8021,尖點,6341487284.0
2025-09-25,5392,能率,3067728004.0
2025-09-25,1605,華新,1138688565.0
2025-09-30,3653,健策,3702574580.0
2025-09-30,3231,緯創,15420914378.0
2025-09-30,8299,群聯,2684452310.0
2025-09-30,8021,尖點,4683350871.0
2025-09-30,6770,力積電,3870641056.0
2025-09-30,3260,威剛,3821973045.0
2025-09-30,6510,精測,2079073500.0
2025-09-30,4722,國精化,1780764703.0
2025-09-30,3376,新日興,3162226192.0
2025-09-30,6706,惠特,1028740564.0
2025-10-01,1504,東元,7678481475.0
2025-10-01,8021,尖點,3607502998.0
2025-10-01,6770,力積電,11027525704.0
2025-10-01,6739,竹陞科技,1066501994.0
2025-10-01,5475,德宏,510897900.0
2025-10-02,1504,東元,18187181718.0
2025-10-02,8299,群聯,10278334368.0
2025-10-02,8996,,5114825624.0
2025-10-03,8046,南電,11203281708.0
2025-10-03,6805,富世達,5595289200.0
2025-10-03,4722,國精化,4092426240.0
2025-10-03,3006,晶豪科,4438232906.0
2025-10-03,6449,鈺邦,1958364782.0
2025-10-03,6217,中探針,1137926246.0
2025-10-03,8096,擎亞,604927644.0
2025-10-03,6235,華孚,344280207.0
2025-10-07,8358,金居,18443092861.0
2025-10-07,2344,華邦電,11465121331.0
2025-10-07,1815,富喬,8455501331.0
2025-10-07,6770,力積電,10772212292.0
2025-10-07,1802,台玻,4238836130.0
2025-10-07,6531,愛普*,3549034231.0
2025-10-07,1605,華新,4658297981.0
2025-10-07,4967,十銓,1512621350.0
2025-10-07,3413,京鼎,2073552655.0
2025-10-07,8110,華東,2327566669.0
2025-10-08,5289,宜鼎,2275917968.0
2025-10-08,4967,十銓,3102859842.0
2025-10-09,5289,宜鼎,3225010633.0
2025-10-09,3189,景碩,4574520594.0
2025-10-09,2329,華泰,3427671662.0
2025-10-09,8271,宇瞻,1233329517.0
2025-10-09,5475,德宏,539096449.0
2025-10-13,4967,十銓,5692923557.0
2025-10-13,2630,亞航,1121221974.0
2025-10-13,6664,群翊,818258540.0
2025-10-14,8996,,1411565260.0
2025-10-14,2609,陽明,5244868535.0
2025-10-14,6282,康舒,1465905581.0
2025-10-14,2615,萬海,3789276972.0
2025-10-15,8046,南電,12796388304.0
2025-10-15,3324,雙鴻,10464127663.0
2025-10-15,6223,旺矽,5112975800.0
2025-10-15,6139,亞翔,5965293276.0
2025-10-15,8028,昇陽半導體,2222598149.0
2025-10-15,3189,景碩,4117754864.0
2025-10-15,8996,,10052288375.0
2025-10-15,5536,聖暉*,2342128654.0
2025-10-15,2481,強茂,6331373065.0
2025-10-15,8271,宇瞻,2769304596.0
2025-10-15,3016,嘉晶,327850264.0
2025-10-15,6217,中探針,1339345020.0
2025-10-15,8054,,847618499.0
2025-10-16,2344,華邦電,19028495936.0
2025-10-16,2408,南亞科,13102584977.0
2025-10-16,8299,群聯,1660397346.0
2025-10-16,1605,華新,4578305707.0
2025-10-16,3189,景碩,13704030189.0
2025-10-16,5469,瀚宇博,2055977731.0
2025-10-16,8271,宇瞻,5875134058.0
2025-10-16,8110,華東,1301659814.0
2025-10-16,8088,品安,1168615153.0
2025-10-16,2451,創見,1727533764.0
2025-10-17,2408,南亞科,26846236201.0
2025-10-17,2375,凱美,2436424545.0
2025-10-17,6173,信昌電,583905191.0
2025-10-17,8088,品安,2644088540.0
2025-10-17,8043,蜜望實,320803969.0
2025-10-20,1504,東元,8482240596.0
2025-10-20,8021,尖點,1394459072.0
2025-10-20,2481,強茂,2496689985.0
2025-10-20,2337,旺宏,3419308987.0
2025-10-20,2492,華新科,4314720882.0
2025-10-20,3163,波若威,3362363781.0
2025-10-20,2375,凱美,4935308879.0
2025-10-20,3081,聯亞,2013962511.0
2025-10-20,8110,華東,1709117171.0
2025-10-20,6173,信昌電,2166751712.0
2025-10-20,8043,蜜望實,550865715.0
2025-10-20,2474,可成,1277309580.0
2025-10-20,3026,禾伸堂,1303937084.0
2025-10-21,3443,創意,11185536155.0
2025-10-21,6805,富世達,5373113655.0
2025-10-21,4958,臻鼎-KY,4085629117.0
2025-10-21,2481,強茂,5957280793.0
2025-10-21,1795,美時,4350943784.0
2025-10-21,3305,昇貿,1538509670.0
2025-10-21,5392,能率,1072623422.0
2025-10-21,3016,嘉晶,805672148.0
2025-10-21,3532,台勝科,1182634796.0
2025-10-21,6182,合晶,1540577026.0
2025-10-21,8043,蜜望實,870825835.0
2025-10-21,6462,神盾,610545367.0
2025-10-21,2472,立隆電,2981466729.0
2025-10-22,4931,新盛力,1230123030.0
2025-10-22,6282,康舒,4568669934.0
2025-10-22,2312,金寶,2788740696.0
2025-10-22,2428,興勤,1674990695.0
2025-10-23,8054,,3025689257.0
2025-10-27,2344,華邦電,4347507686.0
2025-10-27,2327,國巨*,28484589171.0
2025-10-27,2408,南亞科,3354849480.0
2025-10-27,6770,力積電,10843383105.0
2025-10-27,3260,威剛,5340016947.0
2025-10-27,8299,群聯,1189916904.0
2025-10-27,6442,光聖,5209165597.0
2025-10-27,2492,華新科,5074870007.0
2025-10-27,2337,旺宏,4050045803.0
2025-10-27,6290,良維,2285121040.0
2025-10-27,3006,晶豪科,4282733721.0
2025-10-27,8112,至上,4421031771.0
2025-10-27,2316,楠梓電,1692856337.0
2025-10-27,4989,榮科,174953262.0
2025-10-28,8210,勤誠,3900682590.0
2025-10-28,4979,華星光,4855347462.0
2025-10-28,2337,旺宏,7102770284.0
2025-10-28,6290,良維,5495734905.0
2025-10-28,6239,力成,4566923153.0
2025-10-28,4991,環宇-KY,2675532479.0
2025-10-28,8096,擎亞,1029088870.0
2025-10-29,2449,京元電子,12056850446.0
2025-10-29,8996,,1588203244.0
2025-10-29,6515,穎崴,3370563260.0
2025-10-29,3035,智原,2969681845.0
2025-10-29,6217,中探針,993074393.0
2025-10-29,2316,楠梓電,3175339096.0
2025-10-29,8096,擎亞,1642444631.0
2025-10-29,4989,榮科,349887333.0
2025-10-30,3006,晶豪科,4458361334.0
2025-10-30,2615,萬海,5406851026.0
2025-10-31,3711,日月光投控,13230329914.0
2025-10-31,2368,金像電,10287225260.0
2025-10-31,1519,華城,8659300159.0
2025-10-31,5439,高技,5976392901.0
2025-10-31,4991,環宇-KY,4234023319.0
2025-10-31,3105,穩懋,2606341149.0
2025-11-03,1519,華城,12410986088.0
2025-11-03,2421,建準,3619941128.0
2025-11-03,6173,信昌電,1324104362.0
2025-11-03,8033,雷虎,465354397.0
2025-11-03,3105,穩懋,1967097738.0
2025-11-03,3167,大量,1605127796.0
2025-11-03,6257,矽格,1738166769.0
2025-11-04,1608,華榮,567947609.0
2025-11-06,3661,世芯-KY,15588641410.0
2025-11-06,2337,旺宏,9841716058.0
2025-11-06,3529,力旺,4201618850.0
2025-11-06,5274,信驊,5436027450.0
2025-11-06,8110,華東,2122664848.0
2025-11-06,4989,榮科,1221344835.0
2025-11-06,6584,南俊國際,944349939.0
2025-11-07,8271,宇瞻,2022656662.0
2025-11-07,2421,建準,3387165747.0
2025-11-07,8110,華東,4669833415.0
2025-11-07,8088,品安,1244500796.0
2025-11-07,2451,創見,1528676530.0
2025-11-07,3162,精確,1979895005.0
2025-11-10,2408,南亞科,28260748677.0
2025-11-10,2344,華邦電,2006047657.0
2025-11-10,3443,創意,13198975465.0
2025-11-10,8299,群聯,7874510795.0
2025-11-10,8112,至上,7675980540.0
2025-11-10,5314,世紀*,1143599156.0
2025-11-10,8271,宇瞻,2957191156.0
2025-11-10,8110,華東,3855926710.0
2025-11-10,8096,擎亞,1869502108.0
2025-11-10,2451,創見,486294689.0
2025-11-10,5351,鈺創,1229949077.0
2025-11-10,6485,點序,217709975.0
2025-11-11,6669,緯穎,16383633730.0
2025-11-11,1815,富喬,12428669007.0
2025-11-11,3715,定穎投控,4566544287.0
2025-11-11,1802,台玻,6682226698.0
2025-11-11,8110,華東,6197370474.0
2025-11-11,6173,信昌電,768537078.0
2025-11-11,4989,榮科,1364042607.0
2025-11-11,2451,創見,355742810.0
2025-11-11,5351,鈺創,2558102067.0
2025-11-12,6770,力積電,17621987119.0
2025-11-12,1815,富喬,12863616774.0
2025-11-12,2368,金像電,3144503212.0
2025-11-12,8021,尖點,8811230791.0
2025-11-12,5289,宜鼎,3223491836.0
2025-11-12,1303,南亞,8385497650.0
2025-11-12,1802,台玻,8021675554.0
2025-11-12,8110,華東,2503380374.0
2025-11-12,3491,昇達科,2641582954.0
2025-11-12,2451,創見,3085651805.0
2025-11-12,2498,宏達電,381782819.0
2025-11-12,8150,南茂,2076256989.0
2025-11-12,8103,瀚荃,522906362.0
2025-11-13,6442,光聖,9793518436.0
2025-11-13,3189,景碩,5179385762.0
2025-11-13,3715,定穎投控,11054766907.0
2025-11-13,2492,華新科,5152530489.0
2025-11-13,1605,華新,11568705906.0
2025-11-13,5274,信驊,4955293655.0
2025-11-13,2404,漢唐,2377740019.0
2025-11-13,2375,凱美,2165909300.0
2025-11-13,8110,華東,4740664061.0
2025-11-13,2472,立隆電,1129692533.0
2025-11-13,3090,日電貿,1051845598.0
2025-11-13,2451,創見,3249877160.0
2025-11-13,8150,南茂,2284749760.0
2025-11-13,8043,蜜望實,555956873.0
2025-11-13,1326,台化,3512641292.0
2025-11-13,2486,一詮,2516301751.0
2025-11-14,8043,蜜望實,1433335422.0
2025-11-14,4763,,1394536922.0
2025-11-14,3543,州巧,254206422.0
2025-11-14,6209,今國光,845382488.0
2025-11-17,6442,光聖,7560334737.0
2025-11-17,3529,力旺,3133794050.0
2025-11-17,3167,大量,5601611492.0
2025-11-17,6584,南俊國際,1705277195.0
2025-11-17,2486,一詮,947599549.0
2025-11-19,6919,康霈*,1270635688.0
2025-11-20,1815,富喬,6806921878.0
2025-11-20,2368,金像電,8922700985.0
2025-11-20,6442,光聖,4525369910.0
2025-11-20,1802,台玻,6785263145.0
2025-11-20,6191,精成科,2060083751.0
2025-11-20,6515,穎崴,3395222925.0
2025-11-20,8358,金居,7537636335.0
2025-11-20,8043,蜜望實,564025323.0
2025-11-20,4989,榮科,711948441.0
2025-11-20,8069,元太,878689322.0
2025-11-20,3026,禾伸堂,327456632.0
2025-11-20,5243,乙盛-KY,584395526.0
2025-11-21,8043,蜜望實,3636873398.0
2025-11-24,6442,光聖,5843529380.0
2025-11-24,6488,環球晶,591725236.0
2025-11-24,3105,穩懋,373660204.0
2025-11-24,6510,精測,1347509865.0
2025-11-24,6919,康霈*,2109291259.0
2025-11-24,8033,雷虎,461441178.0
2025-11-25,3443,創意,14700569220.0
2025-11-25,2368,金像電,12734509069.0
2025-11-25,2383,台光電,7665470115.0
2025-11-25,8021,尖點,7479012920.0
2025-11-25,3715,定穎投控,5544355553.0
2025-11-25,6191,精成科,3882697982.0
2025-11-25,3450,聯鈞,2899776850.0
2025-11-25,8996,,3390325071.0
2025-11-25,3105,穩懋,3307114094.0
2025-11-25,6510,精測,3406035295.0
2025-11-25,6919,康霈*,1154638259.0
2025-11-25,2316,楠梓電,553548861.0
2025-11-25,5498,凱崴,1289098290.0
2025-11-25,4971,IET-KY,779377762.0
2025-11-26,2454,聯發科,16410108190.0
2025-11-26,3163,波若威,7327513226.0
2025-11-26,5371,中光電,1496760800.0
2025-11-26,5314,世紀*,2219745580.0
2025-11-26,3081,聯亞,5198909276.0
2025-11-26,8033,雷虎,916661822.0
2025-11-26,2316,楠梓電,1707692568.0
2025-11-26,2634,漢翔,2066195859.0
2025-11-27,1303,南亞,8423612196.0
2025-11-27,8110,華東,584487131.0
2025-11-27,5469,瀚宇博,3871075963.0
2025-11-27,4931,新盛力,1458164439.0
2025-11-27,8039,台虹,2008736891.0
2025-11-27,2316,楠梓電,4426073139.0
2025-11-27,4971,IET-KY,1355771221.0
2025-11-28,5274,信驊,3286071845.0
2025-11-28,6781,AES-KY,4377981390.0
2025-11-28,3163,波若威,8811598214.0
2025-11-28,3105,穩懋,4237143689.0
2025-11-28,4931,新盛力,1506914020.0
2025-11-28,8039,台虹,6125592648.0
2025-11-28,8042,金山電,572391660.0
2025-11-28,6163,華電網,444617817.0
2025-12-01,8110,華東,4796232270.0
2025-12-01,4939,亞電,1130658858.0
2025-12-01,6163,華電網,117972441.0
2025-12-02,5340,建榮,2196467426.0
2025-12-02,4939,亞電,1710187191.0
2025-12-02,6163,華電網,948067132.0
2025-12-03,3363,上詮,5133925169.0
2025-12-03,8043,蜜望實,127128899.0
2025-12-03,8111,立碁,1707348991.0
2025-12-03,4971,IET-KY,615792540.0
2025-12-03,8042,金山電,818840646.0
2025-12-03,8131,福懋科,1935282881.0
2025-12-03,6706,惠特,1754272594.0
2025-12-04,6919,康霈*,4659934170.0
2025-12-04,2606,裕民,1026923906.0
2025-12-05,3653,健策,12670636005.0
2025-12-05,3167,大量,4667881717.0
2025-12-05,4971,IET-KY,280502710.0
2025-12-05,8096,擎亞,670208415.0
2025-12-08,2344,華邦電,20721297096.0
2025-12-08,2337,旺宏,5618445588.0
2025-12-08,8110,華東,2345454272.0
2025-12-08,8039,台虹,3156460513.0
2025-12-08,3491,昇達科,2839623471.0
2025-12-08,6706,惠特,1688323812.0
2025-12-08,2485,兆赫,993103001.0
2025-12-08,3535,晶彩科,934665962.0
2025-12-08,6691,洋基工程,1184812835.0
2025-12-08,6257,矽格,1345685917.0
2025-12-09,3163,波若威,5946066389.0
2025-12-09,8110,華東,9506650636.0
2025-12-09,3105,穩懋,5034680168.0
2025-12-09,8039,台虹,5249862263.0
2025-12-09,4971,IET-KY,2116387647.0
2025-12-09,4989,榮科,1036032386.0
2025-12-09,2485,兆赫,2605808334.0
2025-12-09,3060,銘異,481352835.0
2025-12-09,4903,聯光通,850987149.0
2025-12-10,2345,智邦,13193120350.0
2025-12-10,8021,尖點,11006058714.0
2025-12-10,8358,金居,21789019912.0
2025-12-10,2402,毅嘉,1909107757.0
2025-12-11,8021,尖點,12014553319.0
2025-12-11,8110,華東,5313588193.0
2025-12-11,4971,IET-KY,2799980669.0
2025-12-11,6290,良維,2806861745.0
2025-12-11,2467,志聖,2157066115.0
2025-12-12,6510,精測,1024148960.0
2025-12-12,6209,今國光,1330988197.0
2025-12-12,6706,惠特,1292600746.0
2025-12-12,2329,華泰,1769773557.0
2025-12-12,3060,銘異,854027468.0
2025-12-15,4971,IET-KY,3277601655.0
2025-12-15,5498,凱崴,1421755037.0
2025-12-17,2313,華通,8117952797.0
2025-12-17,4967,十銓,2254623303.0
2025-12-17,3624,光頡,462367810.0
2025-12-18,3060,銘異,747131226.0
2025-12-19,5498,凱崴,1340189107.0
2025-12-19,3030,德律,2760625530.0
2025-12-19,8131,福懋科,1892268788.0
2025-12-19,4722,國精化,1201465302.0
2025-12-19,4927,泰鼎-KY,1247547678.0
2025-12-22,6770,力積電,19106166131.0
2025-12-22,3105,穩懋,4923779914.0
2025-12-22,2313,華通,7296384800.0
2025-12-22,4991,環宇-KY,993474643.0
2025-12-22,4967,十銓,2960306481.0
2025-12-22,5498,凱崴,3274974659.0
2025-12-22,2402,毅嘉,1274890926.0
2025-12-22,8131,福懋科,919500170.0
2025-12-22,2455,全新,1191819275.0
2025-12-22,6443,元晶,566351190.0
2025-12-22,6163,華電網,226020555.0
2025-12-23,4979,華星光,15269577378.0
2025-12-23,6706,惠特,1353344490.0
2025-12-23,4991,環宇-KY,2848408967.0
2025-12-23,1785,光洋科,3070353226.0
2025-12-23,6426,統新,889526448.0
2025-12-23,6163,華電網,1414267108.0
2025-12-23,1727,中華化,719283774.0
2025-12-23,2413,環科,433960515.0
2025-12-23,6127,九豪,885113497.0
2025-12-24,8299,群聯,17220067930.0
2025-12-24,3260,威剛,7957803824.0
2025-12-24,3006,晶豪科,3323502327.0
2025-12-24,4768,晶呈科技,531970151.0
2025-12-26,6515,穎崴,3897494560.0
2025-12-26,5498,凱崴,2584230977.0
2025-12-26,3264,欣銓,3499083632.0
2025-12-26,2329,華泰,2159249509.0
2025-12-26,8074,鉅橡,1114692929.0
2025-12-26,2009,第一銅,1782899743.0
2025-12-26,2413,環科,964987564.0
2025-12-29,8021,尖點,8217214387.0
2025-12-29,2449,京元電子,15028993218.0
2025-12-29,5498,凱崴,2335057040.0
2025-12-29,3481,群創,5404834436.0
2025-12-29,3264,欣銓,6894471311.0
2025-12-29,5340,建榮,1278647668.0
2025-12-29,4989,榮科,1609722620.0
2025-12-29,2009,第一銅,802986567.0
2025-12-29,8422,可寧衛*,2638630503.0
2025-12-29,8027,鈦昇,414740529.0
2025-12-29,2413,環科,1787014036.0
2025-12-29,5475,德宏,1028462798.0
2025-12-30,3006,晶豪科,2600377576.0
2025-12-30,3481,群創,14057605529.0
2025-12-30,8271,宇瞻,1776172365.0
2025-12-30,5351,鈺創,2552686262.0
2025-12-31,4967,十銓,6990866289.0
2025-12-31,5289,宜鼎,4592949833.0
2025-12-31,3363,上詮,3075968734.0
2025-12-31,3264,欣銓,4418382908.0
2025-12-31,3006,晶豪科,5230141110.0
2025-12-31,8131,福懋科,2246069801.0
2025-12-31,6903,巨漢,779960353.0
2025-12-31,6265,方土昶,888670670.0
2026-01-02,2344,華邦電,36674571197.0
2026-01-02,2337,旺宏,7314045530.0
2026-01-02,3006,晶豪科,4161592927.0
2026-01-02,3090,日電貿,2390181271.0
2026-01-02,5351,鈺創,1859071970.0
2026-01-02,6127,九豪,697564921.0
2026-01-02,4764,雙鍵,317436210.0
2026-01-02,3048,益登,1233861144.0
2026-01-02,3624,光頡,2923324726.0
2026-01-02,2472,立隆電,1666377100.0
2026-01-02,6155,鈞寶,527396253.0
2026-01-02,3689,湧德,1637456040.0
2026-01-05,2337,旺宏,1691854859.0
2026-01-05,8110,華東,5860626559.0
2026-01-05,3481,群創,10538985373.0
2026-01-05,6239,力成,6409923814.0
2026-01-05,8028,昇陽半導體,9063112401.0
2026-01-05,3131,弘塑,4720180050.0
2026-01-05,2409,友達,3584984906.0
2026-01-05,5351,鈺創,2839301637.0
2026-01-05,3680,家登,2852882075.0
2026-01-05,4764,雙鍵,351042343.0
2026-01-05,6155,鈞寶,325227508.0
2026-01-05,1717,長興,1518087925.0
2026-01-05,6285,啟碁,1292099903.0
2026-01-06,2408,南亞科,34552758206.0
2026-01-06,8299,群聯,17419693970.0
2026-01-06,6770,力積電,20651597478.0
2026-01-06,2337,旺宏,19078808378.0
2026-01-06,2313,華通,8542167887.0
2026-01-06,3481,群創,22209424947.0
2026-01-06,2409,友達,4790456155.0
2026-01-06,4927,泰鼎-KY,1927453155.0
2026-01-06,6415,矽力*-KY,1383044515.0
2026-01-06,1717,長興,4137211057.0
2026-01-07,2337,旺宏,26031228776.0
2026-01-07,1303,南亞,13106802718.0
2026-01-07,1605,華新,10237740986.0
2026-01-07,2303,聯電,12435786065.0
2026-01-07,2451,創見,1698969176.0
2026-01-07,8422,可寧衛*,5535297043.0
2026-01-07,2409,友達,14033733355.0
2026-01-07,6443,元晶,2262686129.0
2026-01-07,5269,祥碩,2254074135.0
2026-01-07,2367,燿華,3139702388.0
2026-01-07,3060,銘異,583220275.0
2026-01-07,1717,長興,6820687164.0
2026-01-07,4768,晶呈科技,847973800.0
2026-01-07,6415,矽力*-KY,4363186465.0
2026-01-07,2495,普安,804067689.0
2026-01-07,6244,茂迪,282168257.0
2026-01-07,5521,工信,235199340.0
2026-01-08,2337,旺宏,31780835947.0
2026-01-08,6443,元晶,2208814356.0
2026-01-08,8033,雷虎,3173630539.0
2026-01-08,8074,鉅橡,472477745.0
2026-01-08,5314,世紀*,1114094754.0
2026-01-08,8088,品安,1347809048.0
2026-01-09,8021,尖點,7464777332.0
2026-01-09,2313,華通,11790082126.0
2026-01-09,3715,定穎投控,9067983112.0
2026-01-09,6515,穎崴,5993909920.0
2026-01-09,8422,可寧衛*,9971360120.0
2026-01-09,8996,,5931481577.0
2026-01-09,8150,南茂,4256535462.0
2026-01-09,8043,蜜望實,1647991526.0
2026-01-09,5269,祥碩,5327497430.0
2026-01-09,8074,鉅橡,1994477570.0
2026-01-09,6163,華電網,1115660517.0
2026-01-09,8042,金山電,924820005.0
2026-01-09,5521,工信,627429433.0
2026-01-12,2408,南亞科,3660092159.0
2026-01-12,2313,華通,12863419003.0
2026-01-12,3481,群創,2696596326.0
2026-01-12,6239,力成,5693749747.0
2026-01-12,8422,可寧衛*,2566419500.0
2026-01-12,8996,,2522878351.0
2026-01-12,6488,環球晶,4241915926.0
2026-01-12,5347,世界,8136030110.0
2026-01-12,3081,聯亞,4548336957.0
2026-01-12,6443,元晶,2105716271.0
2026-01-12,3305,昇貿,3109709523.0
2026-01-12,2485,兆赫,355689941.0
2026-01-12,4958,臻鼎-KY,3154316825.0
2026-01-12,2367,燿華,3938828341.0
2026-01-12,2455,全新,2810859462.0
2026-01-12,2413,環科,227858878.0
2026-01-12,2406,國碩,517713645.0
2026-01-12,6903,巨漢,600565959.0
2026-01-12,2312,金寶,3072039524.0
2026-01-12,3135,凌航,598376280.0
2026-01-12,6163,華電網,1522001054.0
2026-01-12,6265,方土昶,85297905.0
2026-01-12,4909,新復興,648664430.0
2026-01-12,7751,竑騰,720380293.0
2026-01-13,2404,漢唐,9580801125.0
2026-01-13,6239,力成,9134704011.0
2026-01-13,8422,可寧衛*,1093759697.0
2026-01-13,1717,長興,6310989806.0
2026-01-13,2485,兆赫,2250759805.0
2026-01-13,2371,大同,2503050960.0
2026-01-13,2312,金寶,5794119221.0
2026-01-13,2406,國碩,2289117818.0
2026-01-13,6903,巨漢,1328205484.0
2026-01-13,3135,凌航,1037286988.0
2026-01-13,6265,方土昶,288279402.0
2026-01-13,7751,竑騰,1048783830.0
2026-01-14,1519,華城,8959835872.0
2026-01-14,8422,可寧衛*,1908930003.0
2026-01-14,5498,凱崴,411824077.0
2026-01-14,1504,東元,5336603661.0
2026-01-14,8043,蜜望實,3532263371.0
2026-01-14,2485,兆赫,627427967.0
2026-01-14,4989,榮科,2806124349.0
2026-01-14,2312,金寶,1923165069.0
2026-01-14,6182,合晶,2322311743.0
2026-01-14,8042,金山電,1390181983.0
2026-01-14,6173,信昌電,2177835786.0
2026-01-14,6485,點序,1369618473.0
2026-01-14,6155,鈞寶,427894235.0
2026-01-15,1303,南亞,15501028134.0
2026-01-15,1802,台玻,8199016659.0
2026-01-15,1717,長興,7203002060.0
2026-01-15,5498,凱崴,407612752.0
2026-01-15,4989,榮科,3025540108.0
2026-01-15,2485,兆赫,4764648253.0
2026-01-15,2312,金寶,12214658685.0
2026-01-15,8088,品安,1019724515.0
2026-01-15,6919,康霈*,1168082614.0
2026-01-15,3535,晶彩科,1739532112.0
2026-01-15,4764,雙鍵,540864427.0
2026-01-15,5340,建榮,1205209030.0
2026-01-15,6155,鈞寶,875240823.0
2026-01-15,5475,德宏,411825947.0
2026-01-16,6770,力積電,6150891874.0
2026-01-16,3037,欣興,19744966398.0
2026-01-16,3189,景碩,10394261525.0
2026-01-16,5347,世界,10790713704.0
2026-01-16,8150,南茂,5108524336.0
2026-01-16,1802,台玻,8034153334.0
2026-01-16,8046,南電,8729540947.0
2026-01-16,6446,藥華藥,5672940836.0
2026-01-16,8088,品安,2121034636.0
2026-01-16,3135,凌航,464421272.0
2026-01-16,5340,建榮,1151039973.0
2026-01-16,1528,恩德,351037899.0
2026-01-16,5475,德宏,1268231509.0
2026-01-16,1514,亞力,3144796933.0
2026-01-16,4973,廣穎,663788975.0
2026-01-19,2408,南亞科,3591033552.0
2026-01-19,6770,力積電,1497890240.0
2026-01-19,2337,旺宏,3386788575.0
2026-01-19,1815,富喬,16932517673.0
2026-01-19,3037,欣興,22278788257.0
2026-01-19,3189,景碩,13946684135.0
2026-01-19,2409,友達,7971886717.0
2026-01-19,8110,華東,4583216427.0
2026-01-19,1802,台玻,6845697118.0
2026-01-19,8046,南電,16634086514.0
2026-01-19,5289,宜鼎,2039411750.0
2026-01-19,2329,華泰,2461481557.0
2026-01-19,8131,福懋科,1209181485.0
2026-01-19,2492,華新科,5813931403.0
2026-01-19,6415,矽力*-KY,1696378639.0
2026-01-19,6706,惠特,1431638070.0
2026-01-19,4971,IET-KY,2979355667.0
2026-01-19,8088,品安,856629165.0
2026-01-19,3535,晶彩科,1602815363.0
2026-01-19,6285,啟碁,1430287281.0
2026-01-19,5340,建榮,1956044030.0
2026-01-19,3135,凌航,82336434.0
2026-01-19,2369,菱生,1047314367.0
2026-01-19,6265,方土昶,190801880.0
2026-01-19,6155,鈞寶,1099566383.0
2026-01-19,6116,彩晶,405080807.0
2026-01-19,2495,普安,612258399.0
2026-01-19,5475,德宏,1067800863.0
2026-01-19,1528,恩德,584567947.0
2026-01-19,4973,廣穎,192922075.0
2026-01-20,6770,力積電,12614580821.0
2026-01-20,4979,華星光,7942883189.0
2026-01-20,6282,康舒,9350062017.0
2026-01-20,1802,台玻,20840474798.0
2026-01-20,2059,川湖,7333834560.0
2026-01-20,6443,元晶,5163256584.0
2026-01-20,6510,精測,1953031965.0
2026-01-20,2455,全新,3468419771.0
2026-01-20,3081,聯亞,1870454840.0
2026-01-20,2481,強茂,5779366248.0
2026-01-20,4971,IET-KY,3969738031.0
2026-01-20,8074,鉅橡,472420860.0
2026-01-20,1513,中興電,7992467217.0
2026-01-20,6285,啟碁,5243547052.0
2026-01-20,5340,建榮,1967376108.0
2026-01-20,6548,長科*,1500728509.0
2026-01-20,6217,中探針,2881935950.0
2026-01-20,4939,亞電,1027251973.0
2026-01-20,8086,宏捷科,1421180657.0
2026-01-21,8074,鉅橡,248588064.0
2026-01-21,1514,亞力,4386952935.0
2026-01-21,2645,長榮航太,1672248217.0
2026-01-21,2457,飛宏,2548726801.0
2026-01-21,6753,龍德造船,2667464435.0
2026-01-22,2308,台達電,25420783505.0
2026-01-22,8021,尖點,7281501262.0
2026-01-22,3653,健策,5891590425.0
2026-01-22,6805,富世達,5608633145.0
2026-01-22,2301,光寶科,9595855844.0
2026-01-22,2492,華新科,2426680121.0
2026-01-22,3211,順達,3460456758.0
2026-01-22,3533,嘉澤,3602090385.0
2026-01-22,6285,啟碁,3109904171.0
2026-01-22,1503,士電,4900732457.0
2026-01-22,3044,健鼎,3127253892.0
2026-01-22,2356,英業達,7127643021.0
2026-01-22,3624,光頡,503149943.0
2026-01-22,6548,長科*,1489735760.0
2026-01-22,6155,鈞寶,513420324.0
2026-01-22,4939,亞電,735242404.0
2026-01-22,1609,大亞,2478538340.0
2026-01-23,2454,聯發科,39079604070.0
2026-01-23,2313,華通,14421648331.0
2026-01-23,2367,燿華,7532076186.0
2026-01-23,5269,祥碩,3084032970.0
2026-01-23,3491,昇達科,1371225245.0
2026-01-23,8131,福懋科,3028058861.0
2026-01-23,6285,啟碁,10194073526.0
2026-01-23,3532,台勝科,2249181829.0
2026-01-23,2486,一詮,3686508910.0
2026-01-23,6271,同欣電,4305940146.0
2026-01-26,2344,華邦電,6652906621.0
2026-01-26,2337,旺宏,15383462979.0
2026-01-26,3715,定穎投控,9910344710.0
2026-01-26,8110,華東,4893233455.0
2026-01-26,4967,十銓,1486390980.0
2026-01-26,3260,威剛,4499586896.0
2026-01-26,2367,燿華,6915331377.0
2026-01-26,3006,晶豪科,4161618032.0
2026-01-26,6510,精測,3670303610.0
2026-01-26,8131,福懋科,4512691339.0
2026-01-26,6446,藥華藥,4687888643.0
2026-01-26,1301,台塑,4262339613.0
2026-01-26,2486,一詮,3487147479.0
2026-01-26,6217,中探針,1762548358.0
2026-01-26,1326,台化,1712310954.0
2026-01-26,6209,今國光,725619600.0
2026-01-26,6640,均華,887364278.0
2026-01-26,6190,萬泰科,873854519.0
2026-01-26,2489,瑞軒,677013777.0
2026-01-26,8096,擎亞,731754289.0
2026-01-26,6505,台塑化,1016078676.0
2026-01-27,2303,聯電,37015256480.0
2026-01-27,3189,景碩,7209176516.0
2026-01-27,5347,世界,6276026141.0
2026-01-27,6442,光聖,3193526050.0
2026-01-27,4967,十銓,7473509431.0
2026-01-27,6415,矽力*-KY,4891064373.0
2026-01-27,3529,力旺,2886491810.0
2026-01-27,4971,IET-KY,1892089691.0
2026-01-27,4989,榮科,1131792275.0
2026-01-27,3163,波若威,8352671016.0
2026-01-27,5498,凱崴,1074460320.0
2026-01-27,2486,一詮,5202527311.0
2026-01-27,2363,矽統,2435100944.0
2026-01-27,8096,擎亞,1026755014.0
2026-01-28,2344,華邦電,22925295243.0
2026-01-28,2337,旺宏,17368049607.0
2026-01-28,6770,力積電,23172906909.0
2026-01-28,4979,華星光,16699003615.0
2026-01-28,6442,光聖,2478029910.0
2026-01-28,1717,長興,2538665152.0
2026-01-28,3081,聯亞,7350040088.0
2026-01-28,3006,晶豪科,5955782385.0
2026-01-28,3163,波若威,7002156769.0
2026-01-28,3529,力旺,8641094785.0
2026-01-28,1503,士電,3675206682.0
2026-01-28,3149,正達,1275946093.0
2026-01-28,6485,點序,1274125658.0
2026-01-28,6265,方土昶,1063346252.0
2026-01-28,4977,眾達-KY,1807540028.0
2026-01-28,6683,雍智科技,1939318246.0
2026-01-28,8096,擎亞,3138609410.0
2026-01-29,2337,旺宏,41855553944.0
2026-01-29,6442,光聖,10078087870.0
2026-01-29,3081,聯亞,6920725873.0
2026-01-29,6706,惠特,1776392175.0
2026-01-29,6753,龍德造船,919112111.0
2026-01-29,2233,宇隆,2490808340.0
2026-01-30,2408,南亞科,40403420894.0
2026-01-30,3037,欣興,27899931914.0
2026-01-30,3189,景碩,18738030317.0
2026-01-30,4958,臻鼎-KY,11103583834.0
2026-01-30,3006,晶豪科,11479087388.0
2026-01-30,8096,擎亞,3950920251.0
2026-01-30,1590,亞德客-KY,2513966235.0
2026-01-30,6683,雍智科技,1057437020.0
2026-02-02,3363,上詮,5093965755.0
2026-02-02,5309,系統電,1112190821.0
2026-02-02,6683,雍智科技,1709070643.0
2026-02-03,3017,奇鋐,23880970195.0
2026-02-03,1815,富喬,5939656154.0
2026-02-03,2367,燿華,7967403168.0
2026-02-03,1802,台玻,1582852747.0
2026-02-03,3081,聯亞,947966300.0
2026-02-03,6515,穎崴,5763929125.0
2026-02-03,2455,全新,2682670675.0
2026-02-03,3533,嘉澤,6419801560.0
2026-02-03,3491,昇達科,972712630.0
2026-02-03,6510,精測,2909881600.0
2026-02-03,8074,鉅橡,279614513.0
2026-02-03,6217,中探針,1105566465.0
2026-02-03,5498,凱崴,421105413.0
2026-02-03,2467,志聖,1947068397.0
2026-02-03,6683,雍智科技,634311016.0
2026-02-03,3138,耀登,799271891.0
2026-02-03,5475,德宏,373067323.0
2026-02-03,6244,茂迪,1156896979.0
2026-02-03,3028,增你強,335425681.0
2026-02-04,6770,力積電,14277794346.0
2026-02-04,3189,景碩,20779608536.0
2026-02-04,3481,群創,10386538253.0
2026-02-04,2383,台光電,12251066635.0
2026-02-04,3715,定穎投控,8718839487.0
2026-02-04,2367,燿華,7511797890.0
2026-02-04,2409,友達,2855180827.0
2026-02-04,4958,臻鼎-KY,11526229055.0
2026-02-04,2485,兆赫,3712005300.0
2026-02-04,6213,聯茂,1670817694.0
2026-02-04,6271,同欣電,1850425960.0
2026-02-04,5340,建榮,729990688.0
2026-02-04,4991,環宇-KY,4570594120.0
2026-02-04,3693,營邦,1718902840.0
2026-02-04,3138,耀登,1491784970.0
2026-02-04,5475,德宏,269571574.0
2026-02-04,6244,茂迪,972041947.0
2026-02-04,2355,敬鵬,2514113899.0
2026-02-04,1711,永光,1468225520.0
2026-02-04,3663,鑫科,192719249.0
2026-02-05,8210,勤誠,8263068740.0
2026-02-05,2486,一詮,1544085706.0
2026-02-05,4991,環宇-KY,4221345132.0
2026-02-05,3535,晶彩科,1934188203.0
2026-02-05,2406,國碩,2296579884.0
2026-02-05,6706,惠特,469884506.0
2026-02-05,6244,茂迪,2140047398.0
2026-02-06,8271,宇瞻,1296563987.0
2026-02-06,3167,大量,3388081221.0
2026-02-09,2344,華邦電,16426279024.0
2026-02-09,2337,旺宏,11079539932.0
2026-02-09,2345,智邦,10428228335.0
2026-02-09,8046,南電,1495644885.0
2026-02-09,5289,宜鼎,3935700822.0
2026-02-09,8996,,2641679614.0
2026-02-09,3163,波若威,1364417064.0
2026-02-09,1326,台化,1848377378.0
2026-02-09,3167,大量,2179850089.0
2026-02-09,8271,宇瞻,1183442605.0
2026-02-09,3149,正達,478891115.0
2026-02-09,6217,中探針,508267951.0
2026-02-09,5351,鈺創,309895872.0
2026-02-09,8042,金山電,129748140.0
2026-02-09,3135,凌航,71926818.0
2026-02-09,6584,南俊國際,1254809394.0
2026-02-09,7734,印能科技,1037104305.0
2026-02-09,6830,汎詮,1393861308.0
2026-02-09,4973,廣穎,42100413.0
2026-02-09,3234,光環,259990496.0
2026-02-10,3665,貿聯-KY,3993167640.0
2026-02-10,2455,全新,5396238340.0
2026-02-10,3532,台勝科,1178843091.0
2026-02-10,2363,矽統,1003519314.0
2026-02-10,6426,統新,391221620.0
2026-02-10,6903,巨漢,338420396.0
2026-02-10,3028,增你強,681746164.0
2026-02-10,7751,竑騰,1155587193.0
2026-02-11,2337,旺宏,33429663267.0
2026-02-11,1815,富喬,7626622112.0
2026-02-11,1802,台玻,4288572692.0
2026-02-11,3529,力旺,4336785990.0
2026-02-11,4989,榮科,409593537.0
2026-02-11,6683,雍智科技,262574672.0
2026-02-11,5475,德宏,880534040.0
2026-02-11,5386,青雲,297548989.0
2026-02-11,8103,瀚荃,680347347.0
2026-02-23,3037,欣興,20820021118.0
2026-02-23,2313,華通,12385579384.0
2026-02-23,3189,景碩,6720838389.0
2026-02-23,2327,國巨*,10252428432.0
2026-02-23,1815,富喬,10209686520.0
2026-02-23,4979,華星光,8830600573.0
2026-02-23,3105,穩懋,10173510245.0
2026-02-23,4958,臻鼎-KY,6083987028.0
2026-02-23,8046,南電,2849133715.0
2026-02-23,1802,台玻,6882041082.0
2026-02-23,3081,聯亞,943683325.0
2026-02-23,3529,力旺,1445915520.0
2026-02-23,3163,波若威,653097981.0
2026-02-23,2360,致茂,4441673125.0
2026-02-23,2492,華新科,1020284183.0
2026-02-23,8021,尖點,2547079200.0
2026-02-23,3363,上詮,2756303525.0
2026-02-23,1560,中砂,2672328166.0
2026-02-23,6217,中探針,1410375227.0
2026-02-23,4989,榮科,221327104.0
2026-02-23,6451,訊芯-KY,497515090.0
2026-02-23,2489,瑞軒,462444913.0
2026-02-23,6163,華電網,197752293.0
2026-02-23,6244,茂迪,1084225359.0
2026-02-23,5475,德宏,1036955722.0
2026-02-23,3576,聯合再生,758212658.0
2026-02-23,5386,青雲,126452300.0
2026-02-23,1711,永光,733893077.0
2026-02-23,6739,竹陞科技,417877158.0
2026-02-23,3701,大眾控,127763589.0
2026-02-23,4919,新唐,1060420982.0
2026-02-23,6155,鈞寶,62558809.0
2026-02-23,6127,九豪,106788044.0
2026-02-23,5328,華容,74472392.0
2026-02-23,4927,泰鼎-KY,471191937.0
2026-02-23,6202,盛群,1389756930.0
