date,stock_id,stock_name,close,avg_amount_20d,big_amount,today_amount,is_disposal
2025-01-03,3694,海華,61.9,503051606,2000000,1315385312,-
2025-01-06,6215,和椿,103.0,1777217985,7000000,2510608006,-
2025-01-06,3491,昇達科,355.5,691383303,3000000,2321613433,-
2025-01-07,6558,興能高,41.0,957686257,4000000,624263878,-
2025-01-07,4974,亞泰,144.0,770109637,3000000,1002000811,-
2025-01-07,6446,藥華藥,677.0,711611766,3000000,3746700874,-
2025-01-08,3363,上詮,296.0,1169130520,4500000,6010432111,-
2025-01-08,3491,昇達科,394.5,889908767,3500000,3129181233,-
2025-01-09,4991,環宇-KY,130.5,2885400146,12000000,2292227183,-
2025-01-15,6683,雍智科技,511.0,617717402,2500000,1367909095,-
2025-01-17,3450,聯鈞,317.5,8583666268,34000000,12170487696,-
2025-01-17,4991,環宇-KY,139.5,3555903965,14000000,3305487301,-
2025-01-17,6215,和椿,105.5,2723949003,11000000,2002522655,-
2025-01-17,6558,興能高,51.4,2062027758,8000000,4187513371,-
2025-01-17,6187,萬潤,396.0,1234111272,5000000,1761184962,-
2025-01-17,8111,立碁,51.3,1130151603,4500000,904178840,-
2025-01-17,3374,精材,232.5,988497360,4000000,5065848105,-
2025-01-21,4931,新盛力,75.3,3077284674,12000000,4215128785,-
2025-01-21,6215,和椿,116.5,2986497305,12000000,4262707049,-
2025-01-21,6558,興能高,56.2,2437581502,10000000,3311056456,-
2025-01-21,3665,貿聯-KY,617.0,2109642687,8500000,2725670915,-
2025-01-22,4979,華星光,220.5,5077964261,20000000,7995266428,-
2025-02-03,4979,華星光,242.5,5382921552,22000000,12203856351,-
2025-02-03,3706,神達,73.0,2379425828,9500000,10064195568,-
2025-02-03,3264,欣銓,68.9,954406110,4000000,2308828656,-
2025-02-06,6215,和椿,120.0,2991981766,12000000,2363095784,-
2025-02-06,6223,旺矽,820.0,2781376856,11000000,2885608354,-
2025-02-06,3019,亞光,176.0,2646935960,11000000,5655553915,-
2025-02-06,4583,台灣精銳,850.0,2039849247,8000000,1395965521,-
2025-02-06,6191,精成科,69.7,1508822988,6000000,885087830,-
2025-02-06,4576,大銀微系統,160.0,1439606701,6000000,2468701747,-
2025-02-06,3376,新日興,237.0,757340969,3000000,4779956981,-
2025-02-06,4974,亞泰,116.5,749751123,3000000,443745911,-
2025-02-06,2472,立隆電,97.3,736803202,3000000,807269329,-
2025-02-06,6438,迅得,232.0,676757493,2500000,773880327,-
2025-02-06,3088,艾訊,141.0,510770302,2000000,828969145,-
2025-02-07,3645,達邁,77.9,2796356385,11000000,2500886638,-
2025-02-07,1815,富喬,31.4,803644634,3000000,2906662296,-
2025-02-07,3294,英濟,40.95,524947905,2000000,402188196,-
2025-02-10,4979,華星光,250.5,7082694243,28000000,9539150428,-
2025-02-10,4991,環宇-KY,145.0,2938976945,12000000,3957448917,-
2025-02-10,3029,零壹,150.5,1164696423,4500000,5549203416,-
2025-02-10,1815,富喬,34.5,930313817,3500000,8484912618,-
2025-02-11,2027,大成鋼,41.9,631253831,2500000,3406460058,-
2025-02-12,3450,聯鈞,338.5,9257889206,37000000,12138148960,-
2025-02-12,6442,光聖,602.0,1098081286,4500000,3009489230,-
2025-02-13,2543,皇昌,102.0,1360067983,5500000,5653883474,-
2025-02-14,8028,昇陽半導體,133.5,861164570,3500000,2475023239,-
2025-02-14,6415,矽力*-KY,389.0,766986652,3000000,2767664700,-
2025-02-14,2408,南亞科,30.65,563554625,2500000,833712950,-
2025-02-17,3376,新日興,283.0,2064799254,8500000,6922849767,-
2025-02-18,3379,彬台,57.8,686123438,2500000,243772812,-
2025-02-18,1536,和大,78.7,569753506,2500000,4858155099,-
2025-02-19,8028,昇陽半導體,159.5,1390904826,5500000,6764203197,-
2025-02-19,4772,台特化,232.5,788429706,3000000,1170129720,-
2025-02-19,3379,彬台,63.5,695857425,3000000,267376955,-
2025-02-19,6206,飛捷,151.5,644832768,2500000,1686810280,-
2025-02-20,2408,南亞科,39.15,811728477,3000000,2879770249,-
2025-02-20,6206,飛捷,166.5,726540530,3000000,2195214003,-
2025-02-21,1519,華城,623.0,1571502275,6500000,10568770274,-
2025-02-21,3558,神準,251.0,506640972,2000000,1653863846,-
2025-02-24,3379,彬台,66.8,746963551,3000000,742189396,-
2025-02-24,4916,事欣科,51.4,607194854,2500000,3505003864,-
2025-02-24,4510,高鋒,54.5,600610681,2500000,2030715883,-
2025-02-24,5347,世界,99.8,587883508,2500000,2628787334,-
2025-02-25,4931,新盛力,72.8,1647830434,6500000,1802609591,-
2025-02-25,2606,裕民,73.1,1049845555,4000000,5384912320,-
2025-02-25,4510,高鋒,59.9,696080436,3000000,3650967256,-
2025-02-25,3379,彬台,73.4,689006192,3000000,3554862250,-
2025-02-25,2637,慧洋-KY,81.9,563997644,2500000,2719224353,-
2025-02-27,2383,台光電,633.0,2665973400,11000000,9019631212,-
2025-02-27,1815,富喬,35.25,2431244288,9500000,4336364931,-
2025-03-05,6805,富世達,732.0,1023670615,4000000,1302694057,-
2025-03-05,3022,威強電,117.5,941057617,4000000,3694564748,-
2025-03-05,3379,彬台,75.3,828745574,3500000,1797694276,-
2025-03-05,2468,華經,37.85,580058270,2500000,557413611,-
2025-03-06,5314,世紀*,897.0,664996898,2500000,1021605259,-
2025-03-07,5439,高技,152.0,1171700404,4500000,1039999968,-
2025-03-11,4931,新盛力,80.8,1268089951,5000000,4667724585,-
2025-03-12,3563,牧德,552.0,672165090,2500000,2410959513,-
2025-03-13,2344,華邦電,21.0,2350509772,9500000,5453229862,-
2025-03-13,2328,,50.9,1072130757,4500000,5247214193,-
2025-03-14,8234,新漢,95.7,800514990,3000000,421093241,-
2025-03-17,2637,慧洋-KY,85.0,2217112630,9000000,3452381671,-
2025-03-17,8096,擎亞,68.0,1169293575,4500000,1845796817,-
2025-03-18,8096,擎亞,74.8,1226269036,5000000,6993914940,-
2025-03-19,4931,新盛力,96.8,3394293634,14000000,10343614378,-
2025-03-19,4303,信立,81.9,1570995087,6500000,2262313810,-
2025-03-19,6558,興能高,61.4,1408112731,5500000,1373626729,-
2025-03-20,8111,立碁,64.6,586176037,2500000,4880778866,-
2025-03-21,3163,波若威,196.5,2429710021,9500000,5696176053,-
2025-03-21,3022,威強電,104.5,1787737698,7000000,1446114434,-
2025-03-21,4303,信立,90.5,1669168188,6500000,1862569439,-
2025-03-21,3081,聯亞,337.5,1365417324,5500000,229432313,-
2025-03-21,3213,茂訊,135.5,946865055,4000000,887201771,-
2025-03-21,2468,華經,44.55,895365293,3500000,647469516,-
2025-03-21,2429,銘旺科,65.2,528253925,2000000,1403467850,-
2025-03-24,3163,波若威,216.0,2507051184,10000000,17610823285,-
2025-03-24,2468,華經,49.0,893841627,3500000,1044059708,-
2025-03-25,4979,華星光,202.0,3933110857,16000000,9552873248,-
2025-03-25,4510,高鋒,54.1,1757433419,7000000,1363752569,-
2025-03-25,2468,華經,53.9,889274372,3500000,1267079221,-
2025-03-26,4991,環宇-KY,129.0,2086460273,8500000,3799062130,-
2025-03-26,4303,信立,92.4,1825249106,7500000,3613764169,-
2025-03-26,2468,華經,59.2,919296201,3500000,618548676,-
2025-03-31,4541,晟田,53.3,597537075,2500000,2509487073,-
2025-04-02,2634,漢翔,53.8,1263231392,5000000,3091048304,-
2025-04-02,4541,晟田,53.3,1114518013,4500000,2767712472,-
2025-04-02,8222,寶一,53.6,661942563,2500000,2891259335,-
2025-04-07,6877,鏵友益,94.3,726288971,3000000,270101212,-
2025-04-09,6148,驊宏資,49.15,893926484,3500000,1646018183,-
2025-04-11,2330,,863.0,40281752475,50000000,17626050080,-
2025-04-11,2317,鴻海,123.5,11810188042,47000000,4393658536,-
2025-04-11,3163,波若威,135.0,5211343186,21000000,151845030,-
2025-04-11,2382,廣達,196.0,5172913349,21000000,1260012852,-
2025-04-11,2603,長榮,188.0,4960851705,20000000,1152029596,-
2025-04-11,4931,新盛力,68.3,4879426748,20000000,91311613,-
2025-04-11,4979,華星光,135.0,3999756175,16000000,793843144,-
2025-04-11,3450,聯鈞,188.0,3904232032,16000000,1043503391,-
2025-04-11,3017,奇鋐,374.5,3748352595,15000000,991183403,-
2025-04-11,2308,台達電,308.5,3532881174,14000000,1022045204,-
2025-04-11,2357,華碩,485.0,3529002250,14000000,1396919795,-
2025-04-11,2408,南亞科,33.2,2852511053,11000000,260263895,-
2025-04-11,2345,智邦,478.5,2748674832,11000000,258303091,-
2025-04-11,3019,亞光,120.0,2544346943,10000000,175293720,-
2025-04-11,2303,聯電,43.85,2432122058,9500000,2180766512,-
2025-04-11,2328,,37.7,2416242913,9500000,1521129136,-
2025-04-11,4763,,735.0,2413541675,9500000,454911345,-
2025-04-11,2891,中信金,37.4,2405547774,9500000,1589829249,-
2025-04-11,2383,台光電,447.5,2379748107,9500000,211797662,-
2025-04-11,5439,高技,152.5,2308939001,9000000,517274486,-
2025-04-11,4303,信立,61.8,2288848940,9000000,115554663,-
2025-04-11,2344,華邦電,15.05,2268386118,9000000,522073499,-
2025-04-11,2609,陽明,62.2,2260935002,9000000,689559640,-
2025-04-11,1519,華城,353.5,2163188151,8500000,524410389,-
2025-04-11,3293,鈊象,786.0,2159002717,8500000,482251872,-
2025-04-11,3711,日月光投控,126.5,2152022156,8500000,521022306,-
2025-04-11,3211,順達,140.5,2115222652,8500000,145827387,-
2025-04-11,2634,漢翔,46.5,1961688400,8000000,409280307,-
2025-04-11,4991,環宇-KY,90.0,1953525283,8000000,735986274,-
2025-04-11,8096,擎亞,55.3,1947927940,8000000,136685358,-
2025-04-11,3231,緯創,82.1,1895769245,7500000,315597691,-
2025-04-11,8299,群聯,446.5,1894584421,7500000,463903620,-
2025-04-11,6781,AES-KY,702.0,1830518432,7500000,381751812,-
2025-04-11,2027,大成鋼,47.3,1775897111,7000000,669115211,-
2025-04-11,2881,富邦金,79.3,1690002872,7000000,790062800,-
2025-04-11,4541,晟田,44.35,1668455761,6500000,220716853,-
2025-04-11,2618,長榮航,36.85,1617791230,6500000,254295475,-
2025-04-11,8222,寶一,52.8,1595526410,6500000,189914590,-
2025-04-11,3491,昇達科,346.5,1590859425,6500000,267610801,-
2025-04-11,3665,貿聯-KY,413.0,1589116842,6500000,498679328,-
2025-04-11,3034,聯詠,504.0,1586035212,6500000,667816632,-
2025-04-11,3037,欣興,77.4,1585770983,6500000,1225588592,-
2025-04-11,6805,富世達,469.0,1561752398,6000000,400757877,-
2025-04-11,3443,創意,938.0,1541633537,6000000,452655350,-
2025-04-11,6223,旺矽,543.0,1536170914,6000000,250579296,-
2025-04-11,3035,智原,190.0,1529147348,6000000,185676550,-
2025-04-11,3324,雙鴻,436.5,1482740170,6000000,466158804,-
2025-04-11,3481,群創,13.1,1435334259,5500000,570481206,-
2025-04-11,2882,國泰金,54.4,1418843030,5500000,1100592800,-
2025-04-11,2049,上銀,196.5,1415182674,5500000,2114421084,-
2025-04-11,6515,穎崴,774.0,1399585354,5500000,662560430,-
2025-04-11,2404,漢唐,459.5,1399069945,5500000,1610727148,-
2025-04-11,8111,立碁,40.5,1387906344,5500000,188660153,-
2025-04-11,1569,濱川,59.9,1333702095,5500000,54586676,-
2025-04-11,2327,國巨*,425.0,1272331202,5000000,457955350,-
2025-04-11,1815,富喬,24.65,1269433431,5000000,247437314,-
2025-04-11,2379,瑞昱,484.0,1263775751,5000000,268406072,-
2025-04-11,2368,金像電,156.5,1148796456,4500000,360648750,-
2025-04-11,2449,京元電子,78.9,1132922541,4500000,245435884,-
2025-04-11,3653,健策,831.0,1116816217,4500000,1471838025,-
2025-04-11,2637,慧洋-KY,56.2,1089115440,4500000,660544774,-
2025-04-11,6148,驊宏資,54.8,1085411250,4500000,604496294,-
2025-04-11,2883,凱基金,15.5,1083188807,4500000,537398674,-
2025-04-11,2615,萬海,67.2,1020765462,4000000,159498490,-
2025-04-11,2543,皇昌,76.4,1012015271,4000000,150809826,-
2025-04-11,6558,興能高,42.5,986472114,4000000,26776775,-
2025-04-11,3563,牧德,396.5,976791784,4000000,166659229,-
2025-04-11,2453,凌群,55.9,950705920,4000000,22390262,-
2025-04-11,2301,光寶科,78.7,948062850,4000000,262760685,-
2025-04-11,3081,聯亞,232.5,945316510,4000000,1200692087,-
2025-04-11,6239,力成,108.5,936432258,3500000,317419551,-
2025-04-11,3260,威剛,73.4,933795648,3500000,79969271,-
2025-04-11,8069,元太,218.0,914978435,3500000,666127994,-
2025-04-11,1301,台塑,34.8,910862572,3500000,299112488,-
2025-04-11,1590,亞德客-KY,742.0,910097650,3500000,1436228352,-
2025-04-11,3078,僑威,68.9,909286445,3500000,99983934,-
2025-04-11,8028,昇陽半導體,99.9,908523856,3500000,171787004,-
2025-04-11,6442,光聖,325.5,907274212,3500000,547336006,-
2025-04-11,2885,元大金,30.0,903939401,3500000,469113870,-
2025-04-11,6415,矽力*-KY,352.5,890773833,3500000,1527459569,-
2025-04-11,6446,藥華藥,490.0,883196185,3500000,404344570,-
2025-04-11,2376,技嘉,199.0,882097236,3500000,296670195,-
2025-04-11,2324,仁寶,26.05,867457078,3500000,550734122,-
2025-04-11,6274,台燿,128.5,848238459,3500000,1226815578,-
2025-04-11,6472,,701.0,845111744,3500000,313801949,-
2025-04-11,2002,中鋼,20.9,839349418,3500000,311338769,-
2025-04-11,6829,千附精密,118.5,822783846,3500000,66285798,-
2025-04-11,5871,,103.5,817213766,3500000,802075469,-
2025-04-11,2385,群光,140.0,808001448,3000000,289954420,-
2025-04-11,3029,零壹,112.0,799343040,3000000,72765392,-
2025-04-11,4583,台灣精銳,588.0,798380320,3000000,280089376,-
2025-04-11,3706,神達,47.2,793918129,3000000,195942731,-
2025-04-11,1316,上曜,15.0,793794289,3000000,158733880,-
2025-04-11,6488,環球晶,289.5,793406597,3000000,196085251,-
2025-04-11,1513,中興電,117.0,790783568,3000000,166883301,-
2025-04-11,1319,東陽,125.0,788496993,3000000,244764500,-
2025-04-11,6227,茂綸,82.7,781288548,3000000,145691466,-
2025-04-11,2890,永豐金,21.0,777736347,3000000,739087948,-
2025-04-11,6117,迎廣,69.4,775019829,3000000,37601187,-
2025-04-11,2371,大同,35.25,770779669,3000000,183151057,-
2025-04-11,6139,亞翔,193.5,760741909,3000000,103399787,-
2025-04-11,2888,,10.95,759367447,3000000,2583478908,-
2025-04-11,2356,英業達,37.25,746565609,3000000,175549238,-
2025-04-11,2486,一詮,73.2,735089589,3000000,410152831,-
2025-04-11,2377,微星,135.5,725272040,3000000,862669646,-
2025-04-11,6285,啟碁,111.5,721327353,3000000,98090531,-
2025-04-11,3162,精確,42.35,707858611,3000000,36638114,-
2025-04-11,2887,台新新光金,15.6,706587766,3000000,990334099,-
2025-04-11,3227,原相,190.5,705919225,3000000,194678582,-
2025-04-11,4958,臻鼎-KY,94.3,702144643,3000000,133863351,-
2025-04-11,8234,新漢,68.3,701816235,3000000,77203987,-
2025-04-11,2337,旺宏,18.75,693289950,3000000,67369357,-
2025-04-11,3131,弘塑,889.0,691970910,3000000,49613312,-
2025-04-11,7402,邑錡,82.2,682286461,2500000,99163797,-
2025-04-11,6753,龍德造船,98.2,670261761,2500000,36717553,-
2025-04-11,6877,鏵友益,75.7,668431964,2500000,26331100,-
2025-04-11,5347,世界,82.1,658642316,2500000,82985499,-
2025-04-11,6206,飛捷,99.5,658281592,2500000,51064674,-
2025-04-11,3323,加百裕,27.6,655359644,2500000,124431735,-
2025-04-11,2354,鴻準,52.5,654210502,2500000,92384785,-
2025-04-11,2360,致茂,246.5,650118028,2500000,50765678,-
2025-04-11,2359,所羅門,116.5,639131907,2500000,289021723,-
2025-04-11,4510,高鋒,38.1,619947078,2500000,100494227,-
2025-04-11,6757,台灣虎航,85.9,617472850,2500000,276344799,-
2025-04-11,3022,威強電,74.0,613170152,2500000,51833522,-
2025-04-11,4977,眾達-KY,84.2,610250543,2500000,166102163,-
2025-04-11,3013,晟銘電,89.1,607929422,2500000,454616803,-
2025-04-11,2474,可成,194.5,607005714,2500000,169426591,-
2025-04-11,6191,精成科,53.5,598168301,2500000,96216315,-
2025-04-11,1477,聚陽,254.0,595365989,2500000,1388300582,-
2025-04-11,3264,欣銓,61.3,589497853,2500000,40831098,-
2025-04-11,3312,弘憶股,39.1,586928685,2500000,54639936,-
2025-04-11,3605,宏致,43.1,582285953,2500000,181664370,-
2025-04-11,2409,友達,11.65,577131698,2500000,150883035,-
2025-04-11,2395,研華,336.0,573714703,2500000,527301920,-
2025-04-11,4749,新應材,403.0,553672428,2000000,47414965,-
2025-04-11,2455,全新,92.7,549122906,2000000,524290470,-
2025-04-11,6215,和椿,66.2,545282478,2000000,78348389,-
2025-04-11,5309,系統電,31.9,544345975,2000000,43433242,-
2025-04-11,4938,和碩,75.5,539583797,2000000,152171357,-
2025-04-11,9958,世紀鋼,144.5,531222125,2000000,291665611,-
2025-04-11,2009,第一銅,32.85,530304391,2000000,71854003,-
2025-04-11,1303,南亞,29.5,525155928,2000000,236545690,-
2025-04-11,6187,萬潤,221.0,524767175,2000000,73229897,-
2025-04-11,4971,IET-KY,98.0,522174551,2000000,9428384,-
2025-04-11,1326,台化,25.1,519383741,2000000,351414119,-
2025-04-11,1605,華新,19.55,508864970,2000000,390903181,-
2025-04-11,6438,迅得,151.0,506498550,2000000,973139595,-
2025-04-11,1785,光洋科,51.4,504857551,2000000,547376542,-
2025-04-14,2382,廣達,215.5,4845410458,19000000,13336955741,-
2025-04-14,2603,長榮,206.5,4720422049,19000000,13647487132,-
2025-04-14,3017,奇鋐,411.5,3529324622,14000000,6386557030,-
2025-04-14,2383,台光電,492.0,2258587212,9000000,4374696543,-
2025-04-14,2609,陽明,68.4,2191347321,9000000,4567733906,-
2025-04-14,3231,緯創,90.3,1822056167,7500000,5320285265,-
2025-04-14,2618,長榮航,40.5,1506122982,6000000,3192813257,-
2025-04-14,3665,貿聯-KY,454.0,1496097289,6000000,3032157278,-
2025-04-14,2615,萬海,73.9,985053522,4000000,1295067076,-
2025-04-14,6415,矽力*-KY,387.5,898709772,3500000,1727035719,-
2025-04-14,3264,欣銓,67.4,555931534,2000000,800483151,-
2025-04-15,6415,矽力*-KY,426.0,937362883,3500000,2334122470,-
2025-04-15,2615,萬海,81.2,932229825,3500000,2252276584,-
2025-04-15,8069,元太,237.0,897666273,3500000,1705523681,-
2025-04-15,2429,銘旺科,44.15,717705662,3000000,101709201,-
2025-04-15,2455,全新,97.0,567271340,2500000,1063311942,-
2025-04-16,3163,波若威,152.0,5297385023,21000000,3725174702,-
2025-04-16,4979,華星光,146.0,3712696742,15000000,2130311190,-
2025-04-16,3450,聯鈞,206.5,3413744227,14000000,4175480252,-
2025-04-16,4931,新盛力,75.3,3324509054,13000000,705590394,-
2025-04-16,8096,擎亞,60.3,1883959273,7500000,1225194253,-
2025-04-16,4991,環宇-KY,100.5,1785340552,7000000,1237678458,-
2025-04-16,8111,立碁,41.65,1376667638,5500000,352525499,-
2025-04-16,6148,驊宏資,59.4,1369147356,5500000,2517817578,-
2025-04-16,6515,穎崴,876.0,1361332432,5500000,948337649,-
2025-04-16,3081,聯亞,261.0,1093959407,4500000,1367418933,-
2025-04-16,6442,光聖,353.0,816076399,3500000,866884845,-
2025-04-16,6558,興能高,48.3,782867279,3000000,698164884,-
2025-04-16,6285,啟碁,130.0,773360396,3000000,684336933,-
2025-04-16,1536,和大,57.7,671050107,2500000,452369420,-
2025-04-16,6227,茂綸,89.7,624483254,2500000,290981222,-
2025-04-16,3323,加百裕,28.65,609878728,2500000,111886162,-
2025-04-16,6438,迅得,157.5,596318677,2500000,744042327,-
2025-04-16,4977,眾達-KY,92.8,526999989,2000000,317935944,-
2025-04-17,4541,晟田,51.3,1844520126,7500000,1526510138,-
2025-04-17,8222,寶一,59.8,1823976122,7500000,1155010950,-
2025-04-17,6148,驊宏資,65.3,1487463363,6000000,2194678808,-
2025-04-17,6829,千附精密,141.0,907952312,3500000,1047236210,-
2025-04-17,7402,邑錡,94.2,690563428,3000000,460502969,-
2025-04-17,6140,訊達,36.9,560233082,2000000,82459507,-
2025-04-18,6415,矽力*-KY,459.0,959180386,4000000,2466637790,-
2025-04-18,6140,訊達,40.55,561677828,2000000,726588780,-
2025-04-21,2408,南亞科,35.3,2310284067,9000000,3853706829,-
2025-04-21,6148,驊宏資,66.4,1921032373,7500000,5003374371,-
2025-04-22,2408,南亞科,38.8,2322949221,9500000,7784273442,-
2025-04-24,6148,驊宏資,65.0,2281968685,9000000,561360370,-
2025-04-24,5439,高技,130.5,1722458208,7000000,862233358,-
2025-04-24,2468,華經,67.6,1649247804,6500000,865661943,-
2025-04-24,6223,旺矽,613.0,1527924393,6000000,952846221,-
2025-04-24,6515,穎崴,823.0,1091767415,4500000,952105291,-
2025-04-24,3147,大綜,234.0,786160065,3000000,2805098733,-
2025-04-24,8028,昇陽半導體,117.5,744881309,3000000,1378025685,-
2025-04-24,6438,迅得,147.0,704831285,3000000,380484598,-
2025-04-24,3563,牧德,375.5,633508070,2500000,355470389,-
2025-04-25,2468,華經,74.3,1629176940,6500000,2387056191,-
2025-04-25,3147,大綜,257.0,904160103,3500000,1937674590,-
2025-04-28,2383,台光電,566.0,2390024211,9500000,4480864817,-
2025-04-28,6805,富世達,447.0,1010637044,4000000,1499296721,-
2025-04-28,3147,大綜,282.5,973434399,4000000,448632808,-
2025-04-29,6148,驊宏資,73.1,2201218726,9000000,3608197588,-
2025-04-29,2468,華經,80.0,1467095777,6000000,2111062941,-
2025-04-30,4931,新盛力,81.6,1306401227,5000000,3018280056,-
2025-04-30,8096,擎亞,57.3,1219094521,5000000,1249282290,-
2025-04-30,2049,上銀,222.5,1213911577,5000000,2210330785,-
2025-04-30,4583,台灣精銳,664.0,555725905,2000000,1099140125,-
2025-04-30,6215,和椿,87.0,542655731,2000000,1375979267,-
2025-04-30,8072,陞泰,52.0,515507769,2000000,948848403,-
2025-05-02,6215,和椿,95.7,597363117,2500000,2070364703,-
2025-05-05,2383,台光電,611.0,2566590127,10000000,5600479978,-
2025-05-05,4931,新盛力,91.1,1611527708,6500000,5968387329,-
2025-05-05,3665,貿聯-KY,590.0,1588841681,6500000,2927273093,-
2025-05-05,4303,信立,82.6,1202535585,5000000,2129015978,-
2025-05-05,1815,富喬,29.95,653021751,2500000,1610001622,-
2025-05-05,6558,興能高,55.0,579494599,2500000,2861986405,-
2025-05-05,2360,致茂,321.5,529118013,2000000,1196334326,-
2025-05-07,8222,寶一,66.8,2076623534,8500000,3713057053,-
2025-05-07,4541,晟田,51.7,1419334530,5500000,1377796139,-
2025-05-07,8072,陞泰,48.1,700936918,3000000,502209183,-
2025-05-07,1560,中砂,270.5,524150185,2000000,1764378915,-
2025-05-07,6757,台灣虎航,103.5,519673935,2000000,4348206007,-
2025-05-07,5251,天鉞電,49.05,512372170,2000000,357422762,-
2025-05-12,3450,聯鈞,204.5,4248028388,17000000,7369798043,-
2025-05-12,4979,華星光,166.0,3105474710,12000000,7295822809,-
2025-05-12,6442,光聖,426.5,1221077995,5000000,4785696362,-
2025-05-12,6757,台灣虎航,108.0,892854812,3500000,2974886406,-
2025-05-12,3081,聯亞,282.5,883065908,3500000,1961617982,-
2025-05-12,6227,茂綸,102.5,631763805,2500000,244619500,-
2025-05-13,6215,和椿,106.5,1211389751,5000000,1862160285,-
2025-05-13,3563,牧德,480.0,947735126,4000000,941472813,-
2025-05-13,5314,世紀*,64.9,641111434,2500000,866597779,-
2025-05-13,6227,茂綸,112.5,636710206,2500000,1481576680,-
2025-05-14,2408,南亞科,40.9,3315083647,13000000,5857822771,-
2025-05-14,8069,元太,233.0,1562958165,6500000,3958812693,-
2025-05-15,2408,南亞科,44.95,3496936103,14000000,11203078168,-
2025-05-15,4991,環宇-KY,96.2,1260473875,5000000,2528191670,-
2025-05-15,2449,京元電子,100.5,862500542,3500000,3872271516,-
2025-05-15,3013,晟銘電,105.5,663177122,2500000,1891548309,-
2025-05-15,2543,皇昌,86.9,629943355,2500000,1786594716,-
2025-05-16,6140,訊達,47.35,1374235481,5500000,788563960,-
2025-05-16,2404,漢唐,509.0,865777293,3500000,2957426854,-
2025-05-19,2615,萬海,111.0,2207864647,9000000,15802522850,-
2025-05-19,1503,士電,184.0,510602087,2000000,3238062687,-
2025-05-20,4949,有成精密,50.7,821787148,3500000,788633047,-
2025-05-21,6140,訊達,48.95,1412032940,5500000,1109593642,-
2025-05-21,8072,陞泰,48.15,853639405,3500000,358469922,-
2025-05-21,4949,有成精密,55.7,845380174,3500000,4155563250,-
2025-05-21,5251,天鉞電,50.7,744629329,3000000,590278513,-
2025-05-22,5439,高技,194.5,2110757658,8500000,3908182872,-
2025-05-22,2368,金像電,244.0,1787617931,7000000,6017472911,-
2025-05-23,2615,萬海,126.5,3910752287,16000000,13048866241,-
2025-05-23,6191,精成科,81.6,585020102,2500000,3630954443,-
2025-05-26,4949,有成精密,60.0,1213569264,5000000,1912837209,-
2025-05-27,3379,彬台,77.5,1051348395,4000000,719561960,-
2025-06-02,6890,,304.0,533814426,2000000,1072455586,-
2025-06-03,8222,寶一,56.5,1632358861,6500000,1474806101,-
2025-06-04,5251,天鉞電,52.1,883801635,3500000,1050681626,-
2025-06-04,8072,陞泰,50.4,862637035,3500000,1137865388,-
2025-06-05,4763,,939.0,1568155453,6500000,5359422772,-
2025-06-05,3379,彬台,80.8,1309332709,5000000,799600592,-
2025-06-05,9958,世紀鋼,199.0,752150396,3000000,2675683336,-
2025-06-09,3167,大量,110.0,527496178,2000000,1083851440,-
2025-06-10,6274,台燿,207.5,2163930702,8500000,7414226949,-
2025-06-10,3167,大量,121.0,566727993,2500000,5826800815,-
2025-06-11,3013,晟銘電,111.5,1050924910,4000000,2106442308,-
2025-06-11,3081,聯亞,288.0,1005672363,4000000,1610682954,-
2025-06-12,4979,華星光,184.5,2346887892,9500000,8710896596,-
2025-06-12,6805,富世達,763.0,1788634630,7000000,5838449848,-
2025-06-12,4949,有成精密,57.0,1329741852,5500000,856814599,-
2025-06-12,3081,聯亞,316.5,919936820,3500000,3193153581,-
2025-06-12,6290,良維,107.5,844151779,3500000,2587024843,-
2025-06-12,4991,環宇-KY,82.5,585967012,2500000,1158080945,-
2025-06-13,3324,雙鴻,694.0,1400980040,5500000,5086613377,-
2025-06-13,4931,新盛力,86.5,1156956730,4500000,1523845932,-
2025-06-13,2468,華經,68.2,716739847,3000000,1782135234,-
2025-06-13,6148,驊宏資,62.1,689752013,3000000,1388626093,-
2025-06-13,6140,訊達,44.3,506142367,2000000,544682465,-
2025-06-17,3450,聯鈞,216.5,2270677371,9000000,6223712507,-
2025-06-17,8210,勤誠,421.0,898074750,3500000,2614729830,-
2025-06-17,4991,環宇-KY,99.3,794254504,3000000,3879505686,-
2025-06-18,4949,有成精密,60.0,1502231375,6000000,873736478,-
2025-06-18,5251,天鉞電,57.4,1065829886,4500000,2887368066,-
2025-06-18,3147,大綜,209.5,584568341,2500000,1217107868,-
2025-06-19,2408,南亞科,59.1,5907987145,24000000,10551568386,-
2025-06-19,3013,晟銘電,135.0,1603539883,6500000,5818350299,-
2025-06-19,8210,勤誠,463.5,1112639975,4500000,4565054043,-
2025-06-19,3376,新日興,200.5,1049332242,4000000,4462581121,-
2025-06-20,3376,新日興,220.5,1209271628,5000000,9580891771,-
2025-06-23,6139,亞翔,294.0,1170342937,4500000,8740710204,-
2025-06-23,5251,天鉞電,60.9,1154986974,4500000,2516210026,-
2025-06-24,3037,欣興,110.0,2526868162,10000000,6535969551,-
2025-06-24,6139,亞翔,323.0,1592246967,6500000,9557679191,-
2025-06-24,5443,均豪,89.8,695811651,3000000,2126457804,-
2025-06-25,2357,華碩,745.0,2724261133,11000000,8129846720,-
2025-06-25,4991,環宇-KY,112.0,1616257992,6500000,2197650379,-
2025-06-25,1560,中砂,316.0,932894459,3500000,3143469705,-
2025-06-25,3363,上詮,289.0,780191674,3000000,3218874981,-
2025-06-25,8054,,111.0,767066362,3000000,1665018857,-
2025-06-25,8072,陞泰,53.0,711661386,3000000,706261725,-
2025-06-25,2328,,43.7,539418788,2000000,2070763987,-
2025-06-26,4931,新盛力,93.9,1304566747,5000000,3732069572,-
2025-06-26,3211,順達,228.0,1171580881,4500000,8290251958,-
2025-06-26,8054,,122.0,845374959,3500000,2812570845,-
2025-06-27,4931,新盛力,103.0,1373247971,5500000,1659947822,-
2025-06-27,2360,致茂,430.0,765241708,3000000,3620615146,-
2025-06-27,3036,文曄,140.0,634976144,2500000,5460307036,-
2025-06-30,6191,精成科,88.6,1991392166,8000000,5424839935,-
2025-06-30,3491,昇達科,370.5,664642149,2500000,2342710624,-
2025-07-02,4991,環宇-KY,119.5,2377701862,9500000,2187009676,-
2025-07-02,4931,新盛力,105.5,1920914428,7500000,2432631084,-
2025-07-02,3297,杭特,58.7,647650365,2500000,790999676,-
2025-07-03,3167,大量,138.0,2861525956,11000000,2063474524,-
2025-07-03,8932,,141.0,845457600,3500000,2021175914,-
2025-07-03,9904,,35.05,736218145,3000000,3202879391,-
2025-07-04,3297,杭特,66.1,821554925,3500000,3245604523,-
2025-07-07,4991,環宇-KY,143.0,3084168058,12000000,7830238757,-
2025-07-08,3128,昇銳,50.2,629416438,2500000,1581048672,-
2025-07-10,3081,聯亞,348.0,1236451647,5000000,1903321404,-
2025-07-10,6640,均華,754.0,860521888,3500000,1684365469,-
2025-07-10,8046,南電,139.0,716068728,3000000,3601944109,-
2025-07-10,4971,IET-KY,156.0,608916880,2500000,1785038147,-
2025-07-11,4991,環宇-KY,156.5,4405629481,18000000,8625856805,-
2025-07-11,3167,大量,140.5,2740301022,11000000,4277471901,-
2025-07-14,3535,晶彩科,60.9,594639331,2500000,771953473,-
2025-07-15,5314,世紀*,70.7,515791413,2000000,5420602637,-
2025-07-16,3037,欣興,132.0,3905686828,16000000,12329661568,-
2025-07-16,1815,富喬,41.6,1766475664,7000000,6317009920,-
2025-07-16,8046,南電,157.5,1439584023,6000000,3855138568,-
2025-07-16,2455,全新,139.0,842806259,3500000,2790145742,-
2025-07-16,3189,景碩,99.2,720212629,3000000,5307064355,-
2025-07-17,8046,南電,173.0,1620859368,6500000,14643393102,-
2025-07-18,8358,金居,81.7,1462333940,6000000,6352916885,-
2025-07-18,6488,環球晶,354.5,683327494,2500000,2879712955,-
2025-07-18,5483,中美晶,109.5,557217011,2000000,2824838037,-
2025-07-21,3376,新日興,235.5,3078942059,12000000,5159931060,-
2025-07-21,6442,光聖,492.5,978894913,4000000,2572399947,-
2025-07-22,6442,光聖,541.0,1017185248,4000000,6456230288,-
2025-07-22,3044,健鼎,272.5,999129062,4000000,3098590531,-
2025-07-22,6462,神盾,140.0,720617355,3000000,2170333578,-
2025-07-22,5284,jpp-KY,228.0,527306185,2000000,1002886774,-
2025-07-23,6191,精成科,104.5,3345947222,13000000,7270240014,-
2025-07-24,3032,偉訓,109.0,806407385,3000000,1552711226,-
2025-07-24,2316,楠梓電,71.3,621316955,2500000,1942168044,-
2025-07-24,1303,南亞,31.65,587611198,2500000,1400856839,-
2025-07-25,5439,高技,248.5,2302285486,9000000,3978951643,-
2025-07-28,2455,全新,146.5,911994831,3500000,4975552758,-
2025-07-29,8358,金居,107.0,3658184765,15000000,5391505799,-
2025-07-29,8021,尖點,57.7,1478791228,6000000,2578213361,-
2025-07-29,1303,南亞,37.0,754312997,3000000,5635030477,-
2025-07-30,8033,雷虎,86.7,950205325,4000000,4695701674,-
2025-07-31,8033,雷虎,95.3,1182449367,4500000,10896337893,-
2025-07-31,1301,台塑,42.65,910384311,3500000,2676362648,-
2025-07-31,8234,新漢,104.0,737970461,3000000,2462570851,-
2025-07-31,5371,中光電,79.0,521926550,2000000,3192365771,-
2025-08-01,1815,富喬,54.6,5810705753,23000000,11000083363,-
2025-08-01,8021,尖點,63.2,1779689583,7000000,2894896326,-
2025-08-01,3081,聯亞,410.0,1398174477,5500000,2877674731,-
2025-08-01,1802,台玻,23.9,1188247036,5000000,4012028722,-
2025-08-01,6531,愛普*,330.5,768607929,3000000,3156102593,-
2025-08-04,3167,大量,187.0,4738899764,19000000,7506489560,-
2025-08-04,2360,致茂,473.5,1084026523,4500000,2357967020,-
2025-08-04,4916,事欣科,60.5,634309358,2500000,2873963559,-
2025-08-04,8028,昇陽半導體,140.5,562356555,2000000,1961616071,-
2025-08-05,3019,亞光,151.0,788856909,3000000,7775965305,-
2025-08-05,8028,昇陽半導體,154.5,591533237,2500000,5718283417,-
2025-08-06,2301,光寶科,133.5,1539762220,6000000,7813446556,-
2025-08-06,2374,佳能,67.7,884617509,3500000,2562482448,-
2025-08-07,4931,新盛力,128.5,3217599083,13000000,5340368272,-
2025-08-07,3715,定穎投控,92.4,2903206148,12000000,4745572921,-
2025-08-07,4991,環宇-KY,168.5,2792209611,11000000,4330944428,-
2025-08-08,4931,新盛力,141.0,3258848314,13000000,10226147306,-
2025-08-08,8021,尖點,78.1,2480379253,10000000,3920832309,-
2025-08-08,2404,漢唐,910.0,2034979015,8000000,2253774341,-
2025-08-08,4971,IET-KY,171.5,1296820850,5000000,1761315830,-
2025-08-08,6488,環球晶,375.0,1118843240,4500000,1477312875,-
2025-08-08,6667,信紘科,275.0,576919733,2500000,1472025370,-
2025-08-08,5536,聖暉*,543.0,544103101,2000000,723173924,-
2025-08-08,6196,帆宣,220.5,542179904,2000000,933552413,-
2025-08-11,8358,金居,125.0,6425993069,26000000,4958812609,-
2025-08-11,2368,金像電,409.0,3734070672,15000000,7400928057,-
2025-08-11,2449,京元電子,133.5,3039770741,12000000,13032622745,-
2025-08-11,6215,和椿,133.5,1858876255,7500000,4582307449,-
2025-08-11,2374,佳能,74.1,1416786833,5500000,5592489372,-
2025-08-11,8210,勤誠,583.0,929427787,3500000,3658642950,-
2025-08-12,1815,富喬,61.4,8143063876,33000000,9132233593,-
2025-08-12,6213,聯茂,99.0,1699053241,7000000,2828526202,-
2025-08-12,4958,臻鼎-KY,141.5,1362546327,5500000,4510854729,-
2025-08-12,8996,,339.5,1230429970,5000000,4275109512,-
2025-08-12,2354,鴻準,76.3,956133677,4000000,6828984560,-
2025-08-12,2645,長榮航太,166.0,953269284,4000000,3428817648,-
2025-08-12,2630,亞航,51.7,520566803,2000000,918432544,-
2025-08-12,3689,湧德,111.5,501617353,2000000,2024123059,-
2025-08-13,1815,富喬,67.5,8478872752,34000000,19253342862,-
2025-08-13,1802,台玻,27.15,2299633295,9000000,7205188581,-
2025-08-13,3163,波若威,182.0,833809082,3500000,2779292550,-
2025-08-13,2630,亞航,56.8,565516243,2500000,3194731038,-
2025-08-14,4931,新盛力,152.0,4014230767,16000000,5818086837,-
2025-08-14,1802,台玻,29.85,2612519417,10000000,7652298864,-
2025-08-14,6215,和椿,156.5,2543652896,10000000,3317077601,-
2025-08-14,3019,亞光,168.5,2303404579,9000000,14299334684,-
2025-08-14,8234,新漢,114.5,1613936596,6500000,3245244347,-
2025-08-14,3305,昇貿,84.3,715711059,3000000,841479472,-
2025-08-14,5498,凱崴,24.55,515062348,2000000,2043638773,-
2025-08-15,8358,金居,153.0,7658833773,31000000,4346805799,-
2025-08-15,4979,華星光,211.0,2737387913,11000000,11556398777,-
2025-08-15,3363,上詮,333.0,1582119736,6500000,5076051818,-
2025-08-15,3163,波若威,201.0,1129633492,4500000,7615631812,-
2025-08-15,3305,昇貿,92.7,756368217,3000000,4147219911,-
2025-08-15,2402,毅嘉,52.5,502498428,2000000,3120749213,-
2025-08-18,3706,神達,92.5,8304874139,33000000,18530226005,-
2025-08-18,8358,金居,168.0,7558528219,30000000,10264951487,-
2025-08-18,1802,台玻,34.0,3367670339,13000000,7770317809,-
2025-08-18,6442,光聖,797.0,2705619642,11000000,6576555734,-
2025-08-18,6213,聯茂,117.5,2334499259,9500000,8381825530,-
2025-08-18,3211,順達,284.5,2001324587,8000000,3278559233,-
2025-08-18,4916,事欣科,62.7,1659666592,6500000,1805085962,-
2025-08-18,5536,聖暉*,686.0,552584814,2000000,1217487167,-
2025-08-19,6274,台燿,348.5,4774387341,19000000,10037092439,-
2025-08-19,3715,定穎投控,110.5,4459611811,18000000,3739739925,-
2025-08-19,1802,台玻,37.4,3732024887,15000000,7523226114,-
2025-08-19,6213,聯茂,129.0,2685486122,11000000,1630771319,-
2025-08-19,5371,中光電,100.5,2546134604,10000000,1677873321,-
2025-08-19,5439,高技,313.5,2509214142,10000000,3757059235,-
2025-08-19,6919,康霈*,159.5,1853440794,7500000,4251372449,-
2025-08-19,4916,事欣科,68.9,1746945746,7000000,4402525912,-
2025-08-19,2316,楠梓電,102.0,1609924455,6500000,2794120533,-
2025-08-19,3305,昇貿,97.0,1184836757,4500000,2509002902,-
2025-08-19,3081,聯亞,497.0,1134722334,4500000,4435951110,-
2025-08-19,5498,凱崴,27.8,717919203,3000000,986243019,-
2025-08-19,5536,聖暉*,754.0,578925846,2500000,1058179007,-
2025-08-20,6919,康霈*,175.0,2047094270,8000000,5851784442,-
2025-08-20,3305,昇貿,106.5,1291808767,5000000,5390438182,-
2025-08-21,2316,楠梓電,113.0,1871973182,7500000,5435210561,-
2025-08-22,3167,大量,226.5,4977097154,20000000,6158766761,-
2025-08-22,4931,新盛力,169.0,4753571066,19000000,3926612181,-
2025-08-22,3211,順達,347.0,2446927544,10000000,1818733434,-
2025-08-22,1504,東元,63.8,1425248780,5500000,3674410410,-
2025-08-22,2498,宏達電,60.0,1259402833,5000000,5093654142,-
2025-08-22,2328,,53.2,1194316475,5000000,2957723988,-
2025-08-22,5498,凱崴,28.2,865838605,3500000,980414862,-
2025-08-22,1326,台化,30.9,739324154,3000000,1669562175,-
2025-08-22,3059,華晶科,51.0,679930122,2500000,2834696377,-
2025-08-25,3708,上緯投控,148.5,527273964,2000000,3272817055,-
2025-08-26,5371,中光電,113.0,3911985108,16000000,6277930691,-
2025-08-26,6442,光聖,852.0,2941898947,12000000,3926248939,-
2025-08-26,8033,雷虎,146.5,2212899567,9000000,3200633135,-
2025-08-26,1504,東元,74.2,2165128825,8500000,9599425506,-
2025-08-26,3305,昇貿,102.5,1789517494,7000000,3361000185,-
2025-08-26,3450,聯鈞,207.0,1736450862,7000000,2407503076,-
2025-08-26,8234,新漢,111.5,1711217859,7000000,522949656,-
2025-08-26,2328,,59.4,1660589041,6500000,3434661907,-
2025-08-26,3376,新日興,239.0,1363529512,5500000,2753979597,-
2025-08-26,4749,新應材,734.0,1177190523,4500000,4961900588,-
2025-08-26,3059,華晶科,52.2,914118008,3500000,2538119021,-
2025-08-26,3032,偉訓,108.0,708335470,3000000,549455543,-
2025-08-26,2359,所羅門,151.5,632332241,2500000,1019797930,-
2025-08-26,6438,迅得,189.0,584815457,2500000,1080317083,-
2025-08-26,2233,宇隆,264.5,565529548,2500000,1462378417,-
2025-08-26,3535,晶彩科,74.3,535157829,2000000,3460711184,-
2025-08-27,8033,雷虎,161.0,2060007587,8000000,2009470273,-
2025-08-27,2359,所羅門,166.5,671399331,2500000,8682763131,-
2025-08-27,3563,牧德,535.0,585362586,2500000,1993840472,-
2025-08-28,6274,台燿,332.0,6639287483,27000000,8195886517,-
2025-08-28,3163,波若威,237.0,3248311171,13000000,6776637925,-
2025-08-28,8046,南電,205.5,2702675428,11000000,5849906881,-
2025-08-28,2316,楠梓電,106.0,2478324855,10000000,3154488978,-
2025-08-28,2498,宏達電,64.7,2418425699,9500000,6465118011,-
2025-08-28,6191,精成科,119.5,2363337308,9500000,4256457649,-
2025-08-28,3305,昇貿,121.5,2205449189,9000000,1202184559,-
2025-08-28,8033,雷虎,177.0,1925696017,7500000,7156145239,-
2025-08-28,2634,漢翔,54.6,1224180153,5000000,3897103159,-
2025-08-28,5536,聖暉*,826.0,1054435883,4000000,1854492683,-
2025-08-28,5498,凱崴,25.7,945410902,4000000,443920983,-
2025-08-28,5234,達興材料,375.0,800138478,3000000,1049440722,-
2025-08-28,2395,研華,354.0,742681719,3000000,2511916749,-
2025-08-28,3491,昇達科,394.0,571688699,2500000,2714323192,-
2025-08-29,8046,南電,226.0,2848024753,11000000,13292425127,-
2025-08-29,6191,精成科,131.0,2477113452,10000000,5688759245,-
2025-08-29,4772,台特化,289.0,1474554065,6000000,4497284568,-
2025-08-29,2634,漢翔,60.0,1358891954,5500000,6616390538,-
2025-09-01,2449,京元電子,156.0,5131202005,21000000,3163199080,-
2025-09-01,6191,精成科,144.0,2611330423,10000000,12455683233,-
2025-09-01,3708,上緯投控,144.0,1064340125,4500000,932177372,-
2025-09-01,4977,眾達-KY,120.0,922274103,3500000,1304964956,-
2025-09-01,4971,IET-KY,188.5,811043168,3000000,831581294,-
2025-09-01,6667,信紘科,301.0,637638685,2500000,1911897643,-
2025-09-01,5469,瀚宇博,89.8,577909882,2500000,2057247852,-
2025-09-02,5536,聖暉*,981.0,1402267968,5500000,5704977273,-
2025-09-02,3294,英濟,55.3,1318082550,5500000,2273792374,-
2025-09-03,8358,金居,215.5,5854548779,23000000,19031061624,-
2025-09-03,6919,康霈*,231.5,4787968421,19000000,7907968782,-
2025-09-04,5371,中光電,131.0,5259169640,21000000,9082772338,-
2025-09-04,6919,康霈*,254.5,5154925248,21000000,13801695682,-
2025-09-04,2634,漢翔,67.1,2733840145,11000000,9894567323,-
2025-09-04,8028,昇陽半導體,175.0,2198094738,9000000,5066519000,-
2025-09-04,5314,世紀*,88.8,1408444245,5500000,2563179138,-
2025-09-04,2630,亞航,72.7,1003046339,4000000,536372097,-
2025-09-04,3491,昇達科,438.0,864390990,3500000,4049931363,-
2025-09-04,4968,立積,160.5,682240351,2500000,1156163610,-
2025-09-04,4541,晟田,63.2,640074258,2500000,1367989743,-
2025-09-05,5314,世紀*,97.6,1449177984,6000000,3189368230,-
2025-09-05,6753,龍德造船,174.0,764735790,3000000,3142517844,-
2025-09-05,1605,華新,23.9,515205048,2000000,1035190583,-
2025-09-08,8358,金居,227.5,8185654116,33000000,14658839527,-
2025-09-08,3211,順達,402.5,3223059988,13000000,5204715470,-
2025-09-08,2408,南亞科,53.0,2457654634,10000000,8401615241,-
2025-09-08,5309,系統電,61.1,1784693289,7000000,2699794482,-
2025-09-08,5314,世紀*,107.0,1548488468,6000000,6273772403,-
2025-09-08,3059,華晶科,59.1,1391244694,5500000,3249806109,-
2025-09-08,2344,華邦電,22.55,1178735585,4500000,4992131427,-
2025-09-08,5234,達興材料,426.5,1150280318,4500000,1415943069,-
2025-09-08,8299,群聯,528.0,1055031538,4000000,3172952366,-
2025-09-08,6789,采鈺,298.0,810957859,3000000,2945710738,-
2025-09-08,3535,晶彩科,73.5,737347819,3000000,648099815,-
2025-09-09,3711,日月光投控,171.5,1897009964,7500000,7624959530,-
2025-09-09,5314,世紀*,117.5,1799468346,7000000,7308699726,-
2025-09-09,4977,眾達-KY,127.5,1128262869,4500000,4009715015,-
2025-09-09,3605,宏致,82.5,1039308327,4000000,1998401783,-
2025-09-09,8021,尖點,90.2,779215786,3000000,436482979,-
2025-09-09,3707,漢磊,57.7,559076856,2000000,1853086049,-
2025-09-10,8358,金居,255.5,9059074078,36000000,17399594488,-
2025-09-10,1815,富喬,67.1,6973715039,28000000,3112483463,-
2025-09-10,1504,東元,79.6,3284254784,13000000,13728799063,-
2025-09-10,5309,系統電,71.2,1877998815,7500000,5162771073,-
2025-09-10,8021,尖點,99.2,756973254,3000000,6307083562,-
2025-09-10,5498,凱崴,21.2,729361231,3000000,240531500,-
2025-09-10,5289,宜鼎,336.0,538831076,2000000,2341362276,-
2025-09-11,5371,中光電,131.0,6207573531,25000000,5970462746,-
2025-09-11,3715,定穎投控,102.5,4531276148,18000000,4926181951,-
2025-09-11,1504,東元,87.5,3933638191,16000000,7714987003,-
2025-09-11,2374,佳能,93.5,3135887271,13000000,6065229523,-
2025-09-11,2301,光寶科,154.5,2792161938,11000000,3198565328,-
2025-09-11,2328,,60.7,2753720955,11000000,4372891055,-
2025-09-11,6753,龍德造船,203.5,1489476437,6000000,1889408109,-
2025-09-11,8299,群聯,605.0,1352981455,5500000,6555701935,-
2025-09-11,4722,國精化,141.5,666198378,2500000,654222525,-
2025-09-11,3297,杭特,67.4,586403272,2500000,236804751,-
2025-09-11,3323,加百裕,51.3,574556112,2500000,1830878500,-
2025-09-11,2208,台船,28.2,557086368,2000000,1467104732,-
2025-09-12,3305,昇貿,144.0,4135945783,17000000,3462849176,-
2025-09-12,3323,加百裕,56.4,593186553,2500000,2834908997,-
2025-09-15,3707,漢磊,57.2,828442715,3500000,1703059292,-
2025-09-16,2408,南亞科,63.1,4359751411,17000000,15523049646,-
2025-09-16,3707,漢磊,62.9,897682662,3500000,3081373053,-
2025-09-17,8046,南電,196.5,4252002594,17000000,3410787352,-
2025-09-17,2374,佳能,107.0,3755075729,15000000,6790573965,-
2025-09-17,8021,尖點,91.9,1545593906,6000000,1877911781,-
2025-09-17,6488,環球晶,449.5,1028691639,4000000,8098862968,-
2025-09-17,6449,鈺邦,194.0,707981146,3000000,959625073,-
2025-09-17,4722,國精化,132.0,604327469,2500000,721520288,-
2025-09-17,6739,竹陞科技,729.0,554950937,2000000,975033426,-
2025-09-18,3707,漢磊,69.9,1390848487,5500000,3570622539,-
2025-09-18,6770,力積電,20.4,542393196,2000000,3267932783,-
2025-09-19,2344,華邦電,32.3,4963018085,20000000,14081142879,-
2025-09-19,3324,雙鴻,897.0,4098173577,16000000,15003439561,-
2025-09-19,6488,環球晶,490.5,2164524210,8500000,10616594813,-
2025-09-19,3535,晶彩科,83.0,1069447233,4500000,1431819362,-
2025-09-19,5469,瀚宇博,88.7,1017840742,4000000,2086745844,-
2025-09-19,6770,力積電,22.4,695543476,3000000,7110942517,-
2025-09-19,2337,旺宏,27.05,665074252,2500000,2981433724,-
2025-09-22,8046,南電,220.0,4518698677,18000000,9998913047,-
2025-09-22,3450,聯鈞,248.5,2591684146,10000000,6183209171,-
2025-09-22,5469,瀚宇博,97.5,1105051079,4500000,3331118773,-
2025-09-22,4991,環宇-KY,169.0,920028539,3500000,3787422260,-
2025-09-22,4722,國精化,152.0,582818801,2500000,1884369252,-
2025-09-22,3035,智原,168.5,509568059,2000000,3044761416,-
2025-09-23,5371,中光電,123.5,5765242508,23000000,4550039701,-
2025-09-23,2301,光寶科,185.5,5488835794,22000000,11859034478,-
2025-09-23,3260,威剛,152.5,1667488365,6500000,4094915708,-
2025-09-23,5469,瀚宇博,107.0,1257397633,5000000,3057307636,-
2025-09-23,6449,鈺邦,209.0,832405894,3500000,1968667197,-
2025-09-23,3006,晶豪科,80.5,698673362,3000000,1258789236,-
2025-09-23,4722,國精化,167.0,658036915,2500000,1771949834,-
2025-09-23,2231,為升,135.5,605806536,2500000,478667735,-
2025-09-23,2630,亞航,61.3,591658992,2500000,549133979,-
2025-09-24,1504,東元,94.0,5080268777,20000000,11529738022,-
2025-09-24,5314,世紀*,140.0,2043609073,8000000,1264445530,-
2025-09-24,6770,力積電,23.45,1527929289,6000000,5992042796,-
2025-09-24,5392,能率,50.0,766053681,3000000,1707054620,-
2025-09-24,6739,竹陞科技,859.0,617686529,2500000,1086409097,-
2025-09-25,2324,仁寶,34.5,909038166,3500000,4367624227,-
2025-09-25,3583,辛耘,426.5,663729320,2500000,5061101621,-
2025-09-25,3708,上緯投控,125.5,585525920,2500000,1314414514,-
2025-09-25,3016,嘉晶,61.3,526236023,2000000,706087398,-
2025-09-26,8021,尖點,98.6,2377759931,9500000,6341487284,-
2025-09-26,5392,能率,58.4,1025169917,4000000,3067728004,-
2025-09-26,1605,華新,26.2,717321935,3000000,1138688565,-
2025-10-01,3231,緯創,140.5,4840950850,19000000,15420914378,-
2025-10-01,8021,尖點,101.0,3114008316,12000000,4683350871,-
2025-10-01,6770,力積電,25.4,2500792982,10000000,3870641056,-
2025-10-01,3260,威剛,157.0,2302157768,9000000,3821973045,-
2025-10-01,4722,國精化,192.5,1339549657,5500000,1780764703,-
2025-10-01,3376,新日興,260.0,1113878444,4500000,3162226192,-
2025-10-02,1504,東元,104.5,8058539000,32000000,7678481475,-
2025-10-02,8021,尖點,111.0,3335297176,13000000,3607502998,-
2025-10-02,6770,力積電,27.9,2687503511,11000000,11027525704,-
2025-10-02,6739,竹陞科技,944.0,748318317,3000000,1066501994,-
2025-10-03,1504,東元,114.5,8366426330,33000000,18187181718,-
2025-10-03,8299,群聯,796.0,3608828942,14000000,10278334368,-
2025-10-03,8996,,395.0,1202111083,5000000,5114825624,-
2025-10-07,8046,南電,254.0,4667378396,19000000,11203281708,-
2025-10-07,3006,晶豪科,82.5,1176487624,4500000,4438232906,-
2025-10-07,6449,鈺邦,220.5,1028721969,4000000,1958364782,-
2025-10-08,8358,金居,256.5,15421206838,50000000,18443092861,-
2025-10-08,2344,華邦電,42.65,12538171535,50000000,11465121331,-
2025-10-08,1815,富喬,74.6,5321490047,21000000,8455501331,-
2025-10-08,6770,力積電,29.9,4191997189,17000000,10772212292,-
2025-10-08,1802,台玻,30.55,2459793375,10000000,4238836130,-
2025-10-08,6531,愛普*,398.0,1367358000,5500000,3549034231,-
2025-10-08,1605,華新,27.75,1273753441,5000000,4658297981,-
2025-10-08,4967,十銓,98.7,765886985,3000000,1512621350,-
2025-10-09,5289,宜鼎,368.5,1332914406,5500000,2275917968,-
2025-10-09,4967,十銓,108.5,827296615,3500000,3102859842,-
2025-10-13,5289,宜鼎,405.0,1359464009,5500000,3225010633,-
2025-10-13,3189,景碩,137.5,1233275871,5000000,4574520594,-
2025-10-13,2329,華泰,52.4,712823013,3000000,3427671662,-
2025-10-14,4967,十銓,125.0,1309492119,5000000,5692923557,-
2025-10-15,8996,,460.5,1935382403,7500000,1411565260,-
2025-10-15,2609,陽明,56.7,759011066,3000000,5244868535,-
2025-10-15,6282,康舒,36.1,501786255,2000000,1465905581,-
2025-10-16,8046,南電,281.5,7321095079,29000000,12796388304,-
2025-10-16,3324,雙鴻,996.0,7002175082,28000000,10464127663,-
2025-10-16,6139,亞翔,451.0,2264622312,9000000,5965293276,-
2025-10-16,8028,昇陽半導體,179.0,2210976360,9000000,2222598149,-
2025-10-16,3189,景碩,134.5,1987614582,8000000,4117754864,-
2025-10-16,8996,,506.0,1882313582,7500000,10052288375,-
2025-10-16,5536,聖暉*,880.0,1474310594,6000000,2342128654,-
2025-10-16,2481,強茂,84.8,1413275867,5500000,6331373065,-
2025-10-16,8271,宇瞻,102.5,968689445,4000000,2769304596,-
2025-10-16,3016,嘉晶,55.8,843667962,3500000,327850264,-
2025-10-16,6217,中探針,56.1,679945916,2500000,1339345020,-
2025-10-17,2344,華邦電,44.0,15812015065,50000000,19028495936,-
2025-10-17,2408,南亞科,94.9,12652080233,50000000,13102584977,-
2025-10-17,1605,華新,29.85,2977770958,12000000,4578305707,-
2025-10-17,3189,景碩,147.5,2170753885,8500000,13704030189,-
2025-10-17,5469,瀚宇博,100.0,1308572391,5000000,2055977731,-
2025-10-17,8271,宇瞻,112.5,1091634321,4500000,5875134058,-
2025-10-17,8110,華東,23.8,744628333,3000000,1301659814,-
2025-10-17,8088,品安,42.65,542508718,2000000,1168615153,-
2025-10-20,2408,南亞科,104.0,12531057000,50000000,26846236201,-
2025-10-20,2375,凱美,86.6,1161613705,4500000,2436424545,-
2025-10-20,6173,信昌電,54.2,632570746,2500000,583905191,-
2025-10-20,8088,品安,46.9,552740066,2000000,2644088540,-
2025-10-21,1504,東元,119.5,9222355748,37000000,8482240596,-
2025-10-21,8021,尖點,109.5,4471758443,18000000,1394459072,-
2025-10-21,2481,強茂,89.8,2179469367,8500000,2496689985,-
2025-10-21,2337,旺宏,29.4,2046226869,8000000,3419308987,-
2025-10-21,2492,華新科,113.5,1879648207,7500000,4314720882,-
2025-10-21,3163,波若威,231.0,1339072726,5500000,3362363781,-
2025-10-21,2375,凱美,95.2,1280899867,5000000,4935308879,-
2025-10-21,3081,聯亞,437.5,1021173899,4000000,2013962511,-
2025-10-21,8110,華東,25.35,831680215,3500000,1709117171,-
2025-10-21,6173,信昌電,59.6,661171879,2500000,2166751712,-
2025-10-22,4958,臻鼎-KY,165.0,2513437683,10000000,4085629117,-
2025-10-22,2481,強茂,98.7,2230170214,9000000,5957280793,-
2025-10-22,1795,美時,306.5,1515850349,6000000,4350943784,-
2025-10-22,3305,昇貿,107.0,1310698288,5000000,1538509670,-
2025-10-22,5392,能率,51.4,1151734089,4500000,1072623422,-
2025-10-22,3016,嘉晶,61.0,741657470,3000000,805672148,-
2025-10-22,3532,台勝科,112.0,711753284,3000000,1182634796,-
2025-10-22,6182,合晶,35.8,597213796,2500000,1540577026,-
2025-10-23,4931,新盛力,137.5,1150284446,4500000,1230123030,-
2025-10-23,6282,康舒,42.9,993963727,4000000,4568669934,-
2025-10-23,2312,金寶,23.8,639377570,2500000,2788740696,-
2025-10-27,8054,,140.5,930562861,3500000,3025689257,-
2025-10-28,2327,國巨*,248.5,11004981246,44000000,28484589171,-
2025-10-28,2408,南亞科,120.0,10932790153,44000000,3354849480,-
2025-10-28,6770,力積電,31.5,7377439142,30000000,10843383105,-
2025-10-28,3260,威剛,205.0,4105910854,16000000,5340016947,-
2025-10-28,8299,群聯,968.0,4019916203,16000000,1189916904,-
2025-10-28,6442,光聖,873.0,3303656885,13000000,5209165597,-
2025-10-28,2492,華新科,135.0,2842380007,11000000,5074870007,-
2025-10-28,2337,旺宏,33.15,2005970625,8000000,4050045803,-
2025-10-28,6290,良維,163.0,1878571427,7500000,2285121040,-
2025-10-28,3006,晶豪科,91.9,1799387452,7000000,4282733721,-
2025-10-28,8112,至上,69.8,1159695336,4500000,4421031771,-
2025-10-28,2316,楠梓電,108.5,604756286,2500000,1692856337,-
2025-10-29,8210,勤誠,904.0,2076867994,8500000,3900682590,-
2025-10-29,4979,華星光,209.0,2073271129,8500000,4855347462,-
2025-10-29,2337,旺宏,36.45,2054810894,8000000,7102770284,-
2025-10-29,6290,良維,179.0,1950199363,8000000,5495734905,-
2025-10-29,6239,力成,176.5,1160083365,4500000,4566923153,-
2025-10-29,4991,環宇-KY,162.5,898411870,3500000,2675532479,-
2025-10-30,2449,京元電子,207.0,4489953872,18000000,12056850446,-
2025-10-30,3035,智原,184.5,958672876,4000000,2969681845,-
2025-10-30,6217,中探針,56.7,895682250,3500000,993074393,-
2025-10-30,2316,楠梓電,110.0,736385850,3000000,3175339096,-
2025-10-31,3006,晶豪科,96.3,1968704848,8000000,4458361334,-
2025-10-31,2615,萬海,87.4,1035561300,4000000,5406851026,-
2025-11-03,3711,日月光投控,247.5,5321746070,21000000,13230329914,-
2025-11-03,2368,金像電,465.5,2508884585,10000000,10287225260,-
2025-11-03,1519,華城,715.0,1586929838,6500000,8659300159,-
2025-11-03,5439,高技,352.5,1407442852,5500000,5976392901,-
2025-11-03,4991,環宇-KY,182.5,1273414266,5000000,4234023319,-
2025-11-04,1519,華城,786.0,1988673261,8000000,12410986088,-
2025-11-04,2421,建準,166.0,1059914141,4000000,3619941128,-
2025-11-04,6173,信昌電,64.6,1052495849,4000000,1324104362,-
2025-11-04,8033,雷虎,128.5,773185541,3000000,465354397,-
2025-11-04,3105,穩懋,118.0,571635685,2500000,1967097738,-
2025-11-04,3167,大量,182.5,553610156,2000000,1605127796,-
2025-11-07,2337,旺宏,34.45,4193654366,17000000,9841716058,-
2025-11-07,8110,華東,26.25,1076071218,4500000,2122664848,-
2025-11-07,4989,榮科,47.1,710970620,3000000,1221344835,-
2025-11-07,6584,南俊國際,292.5,508906507,2000000,944349939,-
2025-11-10,8271,宇瞻,106.0,1593374352,6500000,2022656662,-
2025-11-10,2421,建準,168.5,1456600797,6000000,3387165747,-
2025-11-10,8110,華東,28.85,1065826127,4500000,4669833415,-
2025-11-10,8088,品安,46.8,874771704,3500000,1244500796,-
2025-11-10,2451,創見,148.5,616265242,2500000,1528676530,-
2025-11-11,2408,南亞科,161.5,21791195644,50000000,28260748677,-
2025-11-11,8112,至上,79.4,2744716994,11000000,7675980540,-
2025-11-11,5314,世紀*,114.0,1911137941,7500000,1143599156,-
2025-11-11,8271,宇瞻,116.5,1638565079,6500000,2957191156,-
2025-11-11,8110,華東,31.7,1185039532,4500000,3855926710,-
2025-11-11,8096,擎亞,58.8,835710657,3500000,1869502108,-
2025-11-11,2451,創見,163.0,682959540,2500000,486294689,-
2025-11-12,1815,富喬,83.0,6205644612,25000000,12428669007,-
2025-11-12,3715,定穎投控,111.5,2561340367,10000000,4566544287,-
2025-11-12,1802,台玻,32.05,1663225011,6500000,6682226698,-
2025-11-12,8110,華東,34.85,1277480483,5000000,6197370474,-
2025-11-12,6173,信昌電,63.3,1218752017,5000000,768537078,-
2025-11-12,4989,榮科,48.15,784090131,3000000,1364042607,-
2025-11-12,2451,創見,179.0,685513955,2500000,355742810,-
2025-11-13,6770,力積電,36.5,8476633935,34000000,17621987119,-
2025-11-13,1815,富喬,91.3,6617638210,26000000,12863616774,-
2025-11-13,2368,金像電,548.0,4944315656,20000000,3144503212,-
2025-11-13,8021,尖點,132.5,4483278317,18000000,8811230791,-
2025-11-13,5289,宜鼎,523.0,2497734094,10000000,3223491836,-
2025-11-13,1303,南亞,49.8,1964680536,8000000,8385497650,-
2025-11-13,1802,台玻,35.25,1865523075,7500000,8021675554,-
2025-11-13,8110,華東,38.3,1555813956,6000000,2503380374,-
2025-11-13,3491,昇達科,463.5,684027983,2500000,2641582954,-
2025-11-13,2451,創見,196.5,675571557,2500000,3085651805,-
2025-11-13,2498,宏達電,51.7,560501738,2000000,381782819,-
2025-11-14,3189,景碩,144.5,3606946252,14000000,5179385762,-
2025-11-14,3715,定穎投控,130.5,3356498976,13000000,11054766907,-
2025-11-14,2492,華新科,130.5,3016217595,12000000,5152530489,-
2025-11-14,1605,華新,34.45,2761868112,11000000,11568705906,-
2025-11-14,2404,漢唐,821.0,1746029259,7000000,2377740019,-
2025-11-14,2375,凱美,97.6,1737624802,7000000,2165909300,-
2025-11-14,2472,立隆電,108.5,1182172183,4500000,1129692533,-
2025-11-14,3090,日電貿,93.5,809566729,3000000,1051845598,-
2025-11-14,8150,南茂,44.0,551701738,2000000,2284749760,-
2025-11-14,8043,蜜望實,58.4,511160837,2000000,555956873,-
2025-11-17,8043,蜜望實,64.2,532323025,2000000,1433335422,-
2025-11-18,3167,大量,225.5,2151347862,8500000,5601611492,-
2025-11-18,6584,南俊國際,347.5,774776408,3000000,1705277195,-
2025-11-18,2486,一詮,100.5,627751517,2500000,947599549,-
2025-11-20,6919,康霈*,134.5,1031749613,4000000,1270635688,-
2025-11-21,1815,富喬,86.6,9808653774,39000000,6806921878,-
2025-11-21,2368,金像電,574.0,6463909100,26000000,8922700985,-
2025-11-21,1802,台玻,34.25,3656894722,15000000,6785263145,-
2025-11-21,6191,精成科,114.0,3034385482,12000000,2060083751,-
2025-11-21,8358,金居,238.5,1538292915,6000000,7537636335,-
2025-11-21,8043,蜜望實,73.2,1141483486,4500000,564025323,-
2025-11-21,4989,榮科,43.6,1119132135,4500000,711948441,-
2025-11-21,8069,元太,185.5,1057552800,4000000,878689322,-
2025-11-21,3026,禾伸堂,113.0,591094212,2500000,327456632,-
2025-11-24,8043,蜜望實,80.5,1009585522,4000000,3636873398,-
2025-11-25,3105,穩懋,122.0,1453584751,6000000,373660204,-
2025-11-25,6919,康霈*,137.5,1203838956,5000000,2109291259,-
2025-11-25,8033,雷虎,122.0,827064468,3500000,461441178,-
2025-11-26,2368,金像電,594.0,8225473484,33000000,12734509069,-
2025-11-26,8021,尖點,139.5,5446238049,22000000,7479012920,-
2025-11-26,3715,定穎投控,119.0,5296977933,21000000,5544355553,-
2025-11-26,6191,精成科,122.0,3223066908,13000000,3882697982,-
2025-11-26,3450,聯鈞,236.5,2734352994,11000000,2899776850,-
2025-11-26,8996,,525.0,1736059916,7000000,3390325071,-
2025-11-26,3105,穩懋,134.0,1448803790,6000000,3307114094,-
2025-11-26,6919,康霈*,151.0,1278973179,5000000,1154638259,-
2025-11-26,2316,楠梓電,97.5,876981108,3500000,553548861,-
2025-11-26,5498,凱崴,28.7,619910862,2500000,1289098290,-
2025-11-27,3163,波若威,276.5,1576972260,6500000,7327513226,-
2025-11-27,5371,中光電,100.0,1572889474,6500000,1496760800,-
2025-11-27,5314,世紀*,114.0,1154949969,4500000,2219745580,-
2025-11-27,3081,聯亞,528.0,1106018317,4500000,5198909276,-
2025-11-27,8033,雷虎,143.5,992955003,4000000,916661822,-
2025-11-27,2316,楠梓電,107.0,772154304,3000000,1707692568,-
2025-11-28,1303,南亞,56.2,6071982470,24000000,8423612196,-
2025-11-28,8110,華東,35.8,1603458031,6500000,584487131,-
2025-11-28,5469,瀚宇博,106.5,1277267413,5000000,3871075963,-
2025-11-28,4931,新盛力,145.0,888430339,3500000,1458164439,-
2025-11-28,8039,台虹,71.5,823850787,3500000,2008736891,-
2025-11-28,2316,楠梓電,117.5,698771978,3000000,4426073139,-
2025-12-01,3163,波若威,318.0,2085400036,8500000,8811598214,-
2025-12-01,3105,穩懋,143.0,1829904875,7500000,4237143689,-
2025-12-01,4931,新盛力,159.5,934067973,3500000,1506914020,-
2025-12-01,8039,台虹,78.6,895705656,3500000,6125592648,-
2025-12-01,8042,金山電,57.2,541089904,2000000,572391660,-
2025-12-02,8110,華東,40.6,1746968005,7000000,4796232270,-
2025-12-04,3363,上詮,418.0,1599126183,6500000,5133925169,-
2025-12-04,8111,立碁,74.9,1137319370,4500000,1707348991,-
2025-12-04,4971,IET-KY,205.0,732373349,3000000,615792540,-
2025-12-04,8042,金山電,59.6,684469319,2500000,818840646,-
2025-12-04,8131,福懋科,46.4,540461300,2000000,1935282881,-
2025-12-05,6919,康霈*,183.0,1572678539,6500000,4659934170,-
2025-12-05,2606,裕民,69.6,529762649,2000000,1026923906,-
2025-12-08,3167,大量,221.0,2718768858,11000000,4667881717,-
2025-12-08,4971,IET-KY,230.0,864097581,3500000,280502710,-
2025-12-08,8096,擎亞,51.2,630586309,2500000,670208415,-
2025-12-09,2344,華邦電,67.9,10138864077,41000000,20721297096,-
2025-12-09,2337,旺宏,37.25,5899680397,24000000,5618445588,-
2025-12-09,8110,華東,43.55,2414331048,9500000,2345454272,-
2025-12-09,8039,台虹,85.5,1717547257,7000000,3156460513,-
2025-12-09,3491,昇達科,581.0,1066333409,4500000,2839623471,-
2025-12-09,6706,惠特,119.0,561985077,2000000,1688323812,-
2025-12-09,2485,兆赫,25.05,541630144,2000000,993103001,-
2025-12-10,3163,波若威,359.5,4187036338,17000000,5946066389,-
2025-12-10,8110,華東,47.9,2338807426,9500000,9506650636,-
2025-12-10,3105,穩懋,167.0,2049436151,8000000,5034680168,-
2025-12-10,8039,台虹,94.0,1859675960,7500000,5249862263,-
2025-12-10,4971,IET-KY,245.5,970054968,4000000,2116387647,-
2025-12-10,4989,榮科,45.85,913228656,3500000,1036032386,-
2025-12-10,2485,兆赫,27.55,588704696,2500000,2605808334,-
2025-12-11,8021,尖點,151.5,4189358748,17000000,11006058714,-
2025-12-11,8358,金居,279.0,3171440587,13000000,21789019912,-
2025-12-12,8021,尖點,166.5,4299100145,17000000,12014553319,-
2025-12-12,8110,華東,54.1,2889342012,12000000,5313588193,-
2025-12-12,4971,IET-KY,271.0,1243278251,5000000,2799980669,-
2025-12-12,6290,良維,188.0,984706737,4000000,2806861745,-
2025-12-15,6209,今國光,65.3,937699574,4000000,1330988197,-
2025-12-15,6706,惠特,118.5,792346930,3000000,1292600746,-
2025-12-16,4971,IET-KY,297.0,1559125728,6000000,3277601655,-
2025-12-16,5498,凱崴,32.3,676825901,2500000,1421755037,-
2025-12-18,2313,華通,94.9,1462869409,6000000,8117952797,-
2025-12-18,4967,十銓,145.0,908229771,3500000,2254623303,-
2025-12-18,3624,光頡,54.2,532766414,2000000,462367810,-
2025-12-22,5498,凱崴,36.9,926422881,3500000,1340189107,-
2025-12-22,3030,德律,188.0,659604218,2500000,2760625530,-
2025-12-22,8131,福懋科,51.2,628647261,2500000,1892268788,-
2025-12-22,4722,國精化,174.5,590213480,2500000,1201465302,-
2025-12-23,6770,力積電,40.45,6467277217,26000000,19106166131,-
2025-12-23,3105,穩懋,191.0,3815557703,15000000,4923779914,-
2025-12-23,2313,華通,96.5,2719020125,11000000,7296384800,-
2025-12-23,4991,環宇-KY,211.5,1156851765,4500000,993474643,-
2025-12-23,4967,十銓,149.5,1138280989,4500000,2960306481,-
2025-12-23,5498,凱崴,40.55,974753425,4000000,3274974659,-
2025-12-23,2402,毅嘉,61.8,928730711,3500000,1274890926,-
2025-12-23,8131,福懋科,56.3,709800838,3000000,919500170,-
2025-12-23,2455,全新,147.0,512792914,2000000,1191819275,-
2025-12-24,4979,華星光,291.5,7034790518,28000000,15269577378,-
2025-12-24,6706,惠特,130.5,1328480077,5500000,1353344490,-
2025-12-24,4991,環宇-KY,232.5,1197098437,5000000,2848408967,-
2025-12-24,1785,光洋科,69.3,558112447,2000000,3070353226,-
2025-12-26,3260,威剛,223.5,2695470800,11000000,7957803824,-
2025-12-29,5498,凱崴,46.5,1291147771,5000000,2584230977,-
2025-12-29,3264,欣銓,102.0,739869531,3000000,3499083632,-
2025-12-29,2329,華泰,56.6,690684379,3000000,2159249509,-
2025-12-29,8074,鉅橡,50.5,538335068,2000000,1114692929,-
2025-12-29,2009,第一銅,49.5,516655219,2000000,1782899743,-
2025-12-30,8021,尖點,185.0,5261631496,21000000,8217214387,-
2025-12-30,2449,京元電子,245.0,4632364349,19000000,15028993218,-
2025-12-30,5498,凱崴,51.1,1392078452,5500000,2335057040,-
2025-12-30,3481,群創,14.85,857339427,3500000,5404834436,-
2025-12-30,3264,欣銓,112.0,857272256,3500000,6894471311,-
2025-12-30,5340,建榮,73.8,691915257,3000000,1278647668,-
2025-12-30,4989,榮科,52.5,632428797,2500000,1609722620,-
2025-12-30,2009,第一銅,54.4,598915433,2500000,802986567,-
2025-12-30,8422,可寧衛*,29.3,590282215,2500000,2638630503,-
2025-12-31,3006,晶豪科,107.5,1078624616,4500000,2600377576,-
2025-12-31,3481,群創,16.3,1076042614,4500000,14057605529,-
2025-12-31,8271,宇瞻,108.5,678535028,2500000,1776172365,-
2026-01-02,4967,十銓,189.0,2177663675,8500000,6990866289,-
2026-01-02,5289,宜鼎,576.0,1731583927,7000000,4592949833,-
2026-01-02,3363,上詮,457.5,1598330176,6500000,3075968734,-
2026-01-02,3264,欣銓,124.5,1415209338,5500000,4418382908,-
2026-01-02,3006,晶豪科,118.0,1188562567,5000000,5230141110,-
2026-01-02,8131,福懋科,64.7,1107276478,4500000,2246069801,-
2026-01-05,2344,華邦電,90.8,25345684953,50000000,36674571197,-
2026-01-05,2337,旺宏,43.35,4626016799,19000000,7314045530,-
2026-01-05,3006,晶豪科,129.5,1434080717,5500000,4161592927,-
2026-01-05,3090,日電貿,108.0,979560055,4000000,2390181271,-
2026-01-05,5351,鈺創,55.8,697239626,3000000,1859071970,-
2026-01-06,2337,旺宏,47.65,4866493952,19000000,1691854859,-
2026-01-06,8110,華東,68.5,3303692353,13000000,5860626559,-
2026-01-06,3481,群創,19.9,3135145210,13000000,10538985373,-
2026-01-06,6239,力成,201.5,1959289902,8000000,6409923814,-
2026-01-06,8028,昇陽半導體,205.0,1374981662,5500000,9063112401,-
2026-01-06,2409,友達,13.85,846605483,3500000,3584984906,-
2026-01-06,5351,鈺創,61.3,781055497,3000000,2839301637,-
2026-01-06,3680,家登,408.0,640929565,2500000,2852882075,-
2026-01-07,2408,南亞科,228.5,13283891789,50000000,34552758206,-
2026-01-07,6770,力積電,47.75,9771774964,39000000,20651597478,-
2026-01-07,2337,旺宏,52.4,4864259805,19000000,19078808378,-
2026-01-07,2313,華通,103.5,4561949827,18000000,8542167887,-
2026-01-07,2409,友達,15.2,1001635173,4000000,4790456155,-
2026-01-07,4927,泰鼎-KY,35.55,676167648,2500000,1927453155,-
2026-01-08,2337,旺宏,57.6,5694024620,23000000,26031228776,-
2026-01-08,1303,南亞,64.7,4060921301,16000000,13106802718,-
2026-01-08,1605,華新,39.65,2940262042,12000000,10237740986,-
2026-01-08,2303,聯電,54.1,2518591822,10000000,12435786065,-
2026-01-08,2451,創見,238.0,2113599688,8500000,1698969176,-
2026-01-08,8422,可寧衛*,34.9,1831878567,7500000,5535297043,-
2026-01-08,2409,友達,16.7,1213344707,5000000,14033733355,-
2026-01-08,6443,元晶,28.4,810755450,3000000,2262686129,-
2026-01-08,2367,燿華,31.65,644993953,2500000,3139702388,-
2026-01-08,3060,銘異,36.35,606809325,2500000,583220275,-
2026-01-08,1717,長興,55.7,592929953,2500000,6820687164,-
2026-01-08,4768,晶呈科技,429.5,582531001,2500000,847973800,-
2026-01-08,6415,矽力*-KY,227.0,502867326,2000000,4363186465,-
2026-01-09,2337,旺宏,63.3,6714663780,27000000,31780835947,-
2026-01-09,6443,元晶,31.2,920209044,3500000,2208814356,-
2026-01-09,8033,雷虎,158.5,867881060,3500000,3173630539,-
2026-01-09,8074,鉅橡,51.2,843509880,3500000,472477745,-
2026-01-09,5314,世紀*,102.5,558987092,2000000,1114094754,-
2026-01-12,8021,尖點,215.5,6616867991,26000000,7464777332,-
2026-01-12,2313,華通,115.5,5935614859,24000000,11790082126,-
2026-01-12,3715,定穎投控,139.5,3834440112,15000000,9067983112,-
2026-01-12,8422,可寧衛*,39.05,2577883075,10000000,9971360120,-
2026-01-12,8996,,635.0,1842049676,7500000,5931481577,-
2026-01-12,8150,南茂,58.3,1522768159,6000000,4256535462,-
2026-01-12,8043,蜜望實,87.4,1197891899,5000000,1647991526,-
2026-01-12,8074,鉅橡,56.3,861535125,3500000,1994477570,-
2026-01-13,2313,華通,127.0,6491961084,26000000,12863419003,-
2026-01-13,6239,力成,220.0,3069488620,12000000,5693749747,-
2026-01-13,8422,可寧衛*,42.95,3062986872,12000000,2566419500,-
2026-01-13,8996,,698.0,2123877466,8500000,2522878351,-
2026-01-13,6488,環球晶,472.0,2105261163,8500000,4241915926,-
2026-01-13,5347,世界,119.0,1784190807,7000000,8136030110,-
2026-01-13,3081,聯亞,673.0,1453263273,6000000,4548336957,-
2026-01-13,6443,元晶,34.8,1445036023,6000000,2105716271,-
2026-01-13,3305,昇貿,121.5,1264224991,5000000,3109709523,-
2026-01-13,2485,兆赫,27.5,1204844744,5000000,355689941,-
2026-01-13,4958,臻鼎-KY,158.5,1175992019,4500000,3154316825,-
2026-01-13,2367,燿華,33.65,909823724,3500000,3938828341,-
2026-01-13,2455,全新,162.0,813968732,3500000,2810859462,-
2026-01-13,2406,國碩,28.05,617165488,2500000,517713645,-
2026-01-13,6903,巨漢,251.5,561888499,2000000,600565959,-
2026-01-13,2312,金寶,25.05,506791568,2000000,3072039524,-
2026-01-14,6239,力成,242.0,3302260812,13000000,9134704011,-
2026-01-14,8422,可寧衛*,47.2,3181436119,13000000,1093759697,-
2026-01-14,1717,長興,59.5,1520510491,6000000,6310989806,-
2026-01-14,2485,兆赫,30.25,1158516490,4500000,2250759805,-
2026-01-14,2371,大同,35.65,896569739,3500000,2503050960,-
2026-01-14,2312,金寶,27.55,644503997,2500000,5794119221,-
2026-01-14,2406,國碩,30.85,626439329,2500000,2289117818,-
2026-01-14,6903,巨漢,276.5,567198260,2500000,1328205484,-
2026-01-14,3135,凌航,113.5,517987123,2000000,1037286988,-
2026-01-15,1519,華城,893.0,3899435072,16000000,8959835872,-
2026-01-15,8422,可寧衛*,51.9,3223208008,13000000,1908930003,-
2026-01-15,1504,東元,90.5,1525313087,6000000,5336603661,-
2026-01-15,8043,蜜望實,98.7,1261478627,5000000,3532263371,-
2026-01-15,2485,兆赫,33.25,1181050544,4500000,627427967,-
2026-01-15,4989,榮科,60.5,1015461265,4000000,2806124349,-
2026-01-15,2312,金寶,30.3,898041901,3500000,1923165069,-
2026-01-15,6182,合晶,39.6,584773661,2500000,2322311743,-
2026-01-15,8042,金山電,70.4,533626810,2000000,1390181983,-
2026-01-15,6173,信昌電,76.6,525705693,2000000,2177835786,-
2026-01-16,1303,南亞,69.7,5639842723,23000000,15501028134,-
2026-01-16,1802,台玻,38.0,2284977018,9000000,8199016659,-
2026-01-16,1717,長興,67.1,2244867307,9000000,7203002060,-
2026-01-16,4989,榮科,66.5,1147043553,4500000,3025540108,-
2026-01-16,2485,兆赫,36.55,1118557514,4500000,4764648253,-
2026-01-16,2312,金寶,33.3,974739420,4000000,12214658685,-
2026-01-16,8088,品安,60.5,811625950,3000000,1019724515,-
2026-01-16,6919,康霈*,165.0,676752214,2500000,1168082614,-
2026-01-16,3535,晶彩科,97.7,620637295,2500000,1739532112,-
2026-01-16,4764,雙鍵,133.0,540543431,2000000,540864427,-
2026-01-16,5340,建榮,76.6,532752221,2000000,1205209030,-
2026-01-19,3037,欣興,274.0,6115654594,24000000,19744966398,-
2026-01-19,3189,景碩,192.5,4000996280,16000000,10394261525,-
2026-01-19,5347,世界,139.5,3175736123,13000000,10790713704,-
2026-01-19,8150,南茂,67.7,2696474459,11000000,5108524336,-
2026-01-19,1802,台玻,41.8,2572863552,10000000,8034153334,-
2026-01-19,8046,南電,289.5,2515726715,10000000,8729540947,-
2026-01-19,6446,藥華藥,587.0,913832759,3500000,5672940836,-
2026-01-19,8088,品安,66.5,858183580,3500000,2121034636,-
2026-01-19,3135,凌航,122.0,608974999,2500000,464421272,-
2026-01-19,5340,建榮,84.2,581917344,2500000,1151039973,-
2026-01-20,1815,富喬,108.5,7989023706,32000000,16932517673,-
2026-01-20,3037,欣興,301.0,6876380057,28000000,22278788257,-
2026-01-20,3189,景碩,211.5,4468513699,18000000,13946684135,-
2026-01-20,2409,友達,17.25,4319213096,17000000,7971886717,-
2026-01-20,8110,華東,88.0,3607256003,14000000,4583216427,-
2026-01-20,1802,台玻,45.95,2881578136,12000000,6845697118,-
2026-01-20,8046,南電,318.0,2826919497,11000000,16634086514,-
2026-01-20,5289,宜鼎,750.0,2492244598,10000000,2039411750,-
2026-01-20,2329,華泰,68.0,1724328368,7000000,2461481557,-
2026-01-20,8131,福懋科,76.4,1683660029,6500000,1209181485,-
2026-01-20,2492,華新科,146.5,1498116905,6000000,5813931403,-
2026-01-20,6415,矽力*-KY,238.5,1480035386,6000000,1696378639,-
2026-01-20,6706,惠特,133.0,1443358859,6000000,1431638070,-
2026-01-20,4971,IET-KY,338.5,1183853992,4500000,2979355667,-
2026-01-20,8088,品安,73.1,956861061,4000000,856629165,-
2026-01-20,3535,晶彩科,106.5,773738106,3000000,1602815363,-
2026-01-20,6285,啟碁,118.5,699633650,3000000,1430287281,-
2026-01-20,5340,建榮,92.6,632752602,2500000,1956044030,-
2026-01-20,3135,凌航,134.0,624060130,2500000,82336434,-
2026-01-21,4979,華星光,290.5,7205280900,29000000,7942883189,-
2026-01-21,6282,康舒,63.8,3989564162,16000000,9350062017,-
2026-01-21,1802,台玻,50.5,3097163884,12000000,20840474798,-
2026-01-21,6443,元晶,40.8,2496136383,10000000,5163256584,-
2026-01-21,2455,全新,184.5,1525660727,6000000,3468419771,-
2026-01-21,3081,聯亞,708.0,1510080236,6000000,1870454840,-
2026-01-21,2481,強茂,97.6,1385333868,5500000,5779366248,-
2026-01-21,4971,IET-KY,372.0,1159447910,4500000,3969738031,-
2026-01-21,8074,鉅橡,65.5,1090204241,4500000,472420860,-
2026-01-21,1513,中興電,176.5,953598145,4000000,7992467217,-
2026-01-21,6285,啟碁,130.0,754043186,3000000,5243547052,-
2026-01-21,5340,建榮,101.5,724556081,3000000,1967376108,-
2026-01-22,8074,鉅橡,72.0,1079572873,4500000,248588064,-
2026-01-22,1514,亞力,139.5,900908071,3500000,4386952935,-
2026-01-22,2645,長榮航太,177.0,554558618,2000000,1672248217,-
2026-01-23,8021,尖點,242.0,5371615896,21000000,7281501262,-
2026-01-23,2301,光寶科,177.0,2656417575,11000000,9595855844,-
2026-01-23,2492,華新科,157.5,2282306353,9000000,2426680121,-
2026-01-23,3211,順達,306.0,1745324979,7000000,3460456758,-
2026-01-23,6285,啟碁,141.0,1216840766,5000000,3109904171,-
2026-01-23,1503,士電,237.0,1080196462,4500000,4900732457,-
2026-01-23,3044,健鼎,346.5,1059330540,4000000,3127253892,-
2026-01-23,2356,英業達,51.2,834841209,3500000,7127643021,-
2026-01-23,3624,光頡,67.6,770118099,3000000,503149943,-
2026-01-23,6548,長科*,58.6,637870449,2500000,1489735760,-
2026-01-23,6155,鈞寶,62.8,516808844,2000000,513420324,-
2026-01-26,2313,華通,171.0,9693007197,39000000,14421648331,-
2026-01-26,2367,燿華,44.1,2865263473,11000000,7532076186,-
2026-01-26,8131,福懋科,77.6,1666088887,6500000,3028058861,-
2026-01-26,6285,啟碁,155.0,1358010107,5500000,10194073526,-
2026-01-26,3532,台勝科,146.5,932051441,3500000,2249181829,-
2026-01-26,2486,一詮,105.5,710650836,3000000,3686508910,-
2026-01-27,2344,華邦電,113.0,16608496957,50000000,6652906621,-
2026-01-27,2337,旺宏,76.2,9461103437,38000000,15383462979,-
2026-01-27,3715,定穎投控,155.5,6426254823,26000000,9910344710,-
2026-01-27,8110,華東,83.0,4821486175,19000000,4893233455,-
2026-01-27,4967,十銓,225.5,3476038500,14000000,1486390980,-
2026-01-27,3260,威剛,345.5,3461393532,14000000,4499586896,-
2026-01-27,2367,燿華,48.5,3226813508,13000000,6915331377,-
2026-01-27,3006,晶豪科,156.0,2383115560,9500000,4161618032,-
2026-01-27,8131,福懋科,85.3,1752736330,7000000,4512691339,-
2026-01-27,6446,藥華藥,660.0,1713404381,7000000,4687888643,-
2026-01-27,1301,台塑,48.8,1293622095,5000000,4262339613,-
2026-01-27,2486,一詮,116.0,877678246,3500000,3487147479,-
2026-01-27,6217,中探針,67.3,669183964,2500000,1762548358,-
2026-01-27,1326,台化,38.95,652951962,2500000,1712310954,-
2026-01-27,6209,今國光,73.4,556544746,2000000,725619600,-
2026-01-27,6640,均華,790.0,554380475,2000000,887364278,-
2026-01-28,2303,聯電,76.2,12915036406,50000000,37015256480,-
2026-01-28,3189,景碩,228.5,7224999191,29000000,7209176516,-
2026-01-28,5347,世界,159.5,5383404531,22000000,6276026141,-
2026-01-28,4967,十銓,248.0,3418093204,14000000,7473509431,-
2026-01-28,6415,矽力*-KY,287.5,2608820501,10000000,4891064373,-
2026-01-28,4971,IET-KY,363.0,1603134696,6500000,1892089691,-
2026-01-28,4989,榮科,63.0,1526533284,6000000,1131792275,-
2026-01-28,3163,波若威,424.5,1447266230,6000000,8352671016,-
2026-01-28,5498,凱崴,67.3,1059922629,4000000,1074460320,-
2026-01-28,2486,一詮,127.5,1041260661,4000000,5202527311,-
2026-01-28,2363,矽統,60.5,505894198,2000000,2435100944,-
2026-01-29,2344,華邦電,127.0,16863703994,50000000,22925295243,-
2026-01-29,2337,旺宏,83.8,11257812675,45000000,17368049607,-
2026-01-29,6770,力積電,65.4,11060818731,44000000,23172906909,-
2026-01-29,4979,華星光,322.0,6737804751,27000000,16699003615,-
2026-01-29,1717,長興,67.3,4083251195,16000000,2538665152,-
2026-01-29,3081,聯亞,900.0,2677254268,11000000,7350040088,-
2026-01-29,3006,晶豪科,166.0,2509427068,10000000,5955782385,-
2026-01-29,3163,波若威,466.5,1833433824,7500000,7002156769,-
2026-01-29,1503,士電,246.0,1618712620,6500000,3675206682,-
2026-01-29,3149,正達,60.2,1000819603,4000000,1275946093,-
2026-01-29,6485,點序,124.5,773516438,3000000,1274125658,-
2026-01-29,6265,方土昶,48.8,603907498,2500000,1063346252,-
2026-01-29,4977,眾達-KY,138.0,523603942,2000000,1807540028,-
2026-01-30,2337,旺宏,92.1,11935752703,48000000,41855553944,-
2026-01-30,6706,惠特,127.0,899963542,3500000,1776392175,-
2026-02-02,2408,南亞科,326.5,18178586941,50000000,40403420894,-
2026-02-02,3037,欣興,378.5,15007966796,50000000,27899931914,-
2026-02-02,3189,景碩,252.0,8391344727,34000000,18738030317,-
2026-02-02,4958,臻鼎-KY,195.5,3459865489,14000000,11103583834,-
2026-02-02,3006,晶豪科,195.0,2944856366,12000000,11479087388,-
2026-02-02,8096,擎亞,76.3,741130405,3000000,3950920251,-
2026-02-02,6683,雍智科技,576.0,557806889,2000000,1057437020,-
